V1,V2,V3,V4,V5,V6,V7,target
4.0,16.0,8.0,6.0,4.0,10.77,28.02,5
1.0,0.0,25.0,2.0,43.0,18.11,58.8,6
1.0,0.0,11.0,0.0,22.0,11.0,36.77,4
4.0,18.0,24.0,16.0,39.0,15.13,58.82,1
0.0,0.0,0.0,0.0,22.0,22.0,47.42,7
4.0,0.0,0.0,8.0,0.0,8.0,39.2,6
3.0,0.0,21.0,8.0,26.0,9.43,35.78,4
0.0,0.0,0.0,2.0,20.0,20.1,25.0,5
2.0,0.0,16.0,11.0,24.0,13.6,40.61,4
3.0,0.0,15.0,23.0,26.0,25.5,37.48,1
4.0,0.0,0.0,7.0,1.0,7.07,39.7,6
0.0,0.0,0.0,0.0,23.0,23.0,56.85,7
0.0,0.0,0.0,1.0,35.0,35.01,48.8,5
0.0,0.0,0.0,0.0,21.0,21.0,45.19,1
2.0,0.0,13.0,14.0,17.0,14.56,40.85,1
3.0,2.0,39.0,25.0,39.0,23.0,46.32,7
0.0,17.0,0.0,0.0,8.0,18.79,29.41,4
1.0,16.0,0.0,17.0,25.0,25.02,45.19,1
0.0,0.0,0.0,0.0,21.0,21.0,35.23,6
4.0,0.0,0.0,20.0,0.0,20.0,39.82,6
1.0,0.0,13.0,2.0,19.0,6.32,26.87,6
0.0,14.0,0.0,0.0,11.0,17.8,36.77,4
1.0,0.0,34.0,15.0,29.0,15.81,40.5,5
2.0,0.0,18.0,16.0,28.0,18.87,32.25,4
2.0,0.0,14.0,16.0,12.0,16.12,38.29,6
2.0,0.0,6.0,8.0,4.0,8.25,17.8,6
3.0,0.0,22.0,2.0,46.0,24.08,60.84,1
3.0,0.0,24.0,2.0,30.0,6.32,40.25,4
4.0,8.0,10.0,7.0,24.0,14.04,35.9,1
0.0,0.0,0.0,0.0,7.0,7.0,30.41,7
1.0,0.0,8.0,2.0,17.0,9.22,21.63,7
2.0,0.0,8.0,17.0,7.0,17.03,27.8,7
5.0,2.0,19.0,3.0,24.0,5.1,26.83,1
0.0,0.0,0.0,0.0,25.0,25.0,48.38,1
0.0,0.0,0.0,1.0,35.0,35.01,46.75,5
3.0,16.0,13.0,16.0,6.0,7.0,26.4,5
4.0,0.0,0.0,32.0,0.0,32.0,48.92,6
2.0,0.0,12.0,3.0,18.0,6.71,27.29,4
3.0,2.0,37.0,10.0,37.0,8.0,48.92,6
0.0,0.0,0.0,0.0,22.0,22.0,46.32,7
1.0,7.0,0.0,7.0,7.0,7.0,37.66,1
1.0,8.0,5.0,0.0,10.0,9.43,35.78,4
4.0,14.0,10.0,9.0,5.0,7.07,30.41,5
1.0,6.0,0.0,6.0,13.0,13.0,30.59,1
0.0,0.0,0.0,0.0,15.0,15.0,25.5,1
2.0,0.0,15.0,11.0,17.0,11.18,32.02,7
2.0,0.0,10.0,19.0,11.0,19.03,36.36,1
2.0,0.0,8.0,9.0,8.0,9.0,34.83,7
0.0,12.0,0.0,2.0,6.0,11.66,26.83,4
2.0,0.0,23.0,30.0,23.0,30.0,45.97,7
0.0,0.0,0.0,0.0,19.0,19.0,46.62,1
3.0,2.0,29.0,23.0,31.0,21.1,42.52,6
3.0,1.0,31.0,20.0,32.0,19.03,37.74,7
4.0,15.0,16.0,2.0,35.0,23.02,38.08,1
2.0,0.0,24.0,31.0,23.0,31.02,49.68,6
3.0,0.0,16.0,0.0,33.0,17.0,47.17,1
0.0,0.0,0.0,1.0,23.0,23.02,28.02,5
1.0,0.0,13.0,0.0,26.0,13.0,43.46,4
5.0,0.0,37.0,22.0,22.0,26.63,43.05,1
2.0,0.0,15.0,27.0,9.0,27.66,37.48,1
2.0,0.0,14.0,22.0,8.0,22.8,41.34,1
0.0,0.0,0.0,0.0,25.0,25.0,33.3,5
0.0,0.0,0.0,0.0,18.0,18.0,34.06,7
1.0,0.0,8.0,1.0,20.0,12.04,27.8,6
1.0,16.0,0.0,18.0,16.0,16.12,45.19,1
2.0,0.0,21.0,44.0,20.0,44.01,62.94,7
2.0,0.0,21.0,10.0,21.0,10.0,47.07,1
1.0,6.0,0.0,8.0,11.0,11.18,33.96,1
3.0,2.0,21.0,11.0,21.0,9.0,29.83,6
0.0,0.0,0.0,0.0,7.0,7.0,38.83,1
1.0,1.0,30.0,18.0,24.0,18.03,39.7,5
0.0,0.0,0.0,0.0,7.0,7.0,18.79,7
2.0,0.0,9.0,27.0,8.0,27.02,41.11,7
2.0,0.0,18.0,10.0,16.0,10.2,43.68,1
1.0,2.0,6.0,0.0,12.0,6.32,40.25,4
2.0,0.0,11.0,24.0,12.0,24.02,35.38,1
3.0,0.0,13.0,1.0,33.0,20.02,33.96,1
2.0,6.0,20.0,12.0,16.0,7.21,26.83,5
2.0,0.0,10.0,6.0,10.0,6.0,22.2,6
2.0,14.0,24.0,15.0,15.0,9.06,33.54,5
3.0,0.0,36.0,19.0,38.0,19.1,47.8,7
1.0,19.0,0.0,19.0,8.0,8.0,46.1,1
3.0,0.0,24.0,0.0,33.0,9.0,47.01,1
6.0,3.0,24.0,12.0,17.0,11.4,26.83,1
4.0,9.0,9.0,8.0,30.0,21.02,51.79,1
3.0,19.0,8.0,0.0,0.0,20.62,31.4,5
3.0,14.0,11.0,0.0,0.0,17.8,34.93,5
4.0,18.0,11.0,17.0,30.0,19.03,34.99,1
2.0,10.0,18.0,22.0,12.0,13.42,32.56,5
3.0,0.0,20.0,7.0,22.0,7.28,23.41,7
3.0,12.0,16.0,12.0,8.0,8.0,25.94,5
3.0,2.0,21.0,22.0,22.0,20.02,31.11,6
5.0,2.0,27.0,8.0,35.0,10.0,35.9,1
1.0,8.0,0.0,10.0,15.0,15.13,32.57,1
2.0,0.0,19.0,18.0,14.0,18.68,46.62,1
1.0,0.0,10.0,0.0,16.0,6.0,21.93,6
1.0,12.0,0.0,14.0,21.0,21.1,29.53,1
3.0,2.0,18.0,12.0,24.0,11.66,26.83,4
2.0,22.0,24.0,23.0,17.0,7.07,41.05,5
4.0,24.0,31.0,34.0,38.0,12.21,50.99,4
5.0,1.0,35.0,14.0,43.0,15.26,46.62,1
1.0,0.0,22.0,0.0,35.0,13.0,47.42,7
2.0,0.0,23.0,31.0,24.0,31.02,44.55,7
3.0,2.0,25.0,20.0,26.0,18.03,32.8,7
1.0,0.0,21.0,2.0,35.0,14.14,46.23,6
0.0,0.0,0.0,1.0,21.0,21.02,23.26,5
4.0,25.0,18.0,25.0,40.0,22.0,47.17,1
1.0,0.0,8.0,2.0,25.0,17.12,34.66,6
1.0,13.0,8.0,0.0,16.0,15.26,41.87,4
4.0,10.0,15.0,9.0,26.0,11.05,32.57,1
4.0,23.0,8.0,13.0,4.0,10.77,33.97,5
1.0,0.0,18.0,2.0,29.0,11.18,42.52,6
2.0,0.0,16.0,15.0,16.0,15.0,39.7,6
4.0,10.0,5.0,0.0,0.0,11.18,25.0,5
1.0,23.0,0.0,23.0,14.0,14.0,32.53,1
1.0,0.0,37.0,16.0,24.0,20.62,40.31,5
4.0,0.0,0.0,36.0,1.0,36.01,54.56,6
4.0,12.0,8.0,6.0,4.0,7.21,26.83,5
2.0,0.0,7.0,6.0,7.0,6.0,25.0,1
1.0,5.0,4.0,0.0,8.0,6.4,26.83,4
0.0,0.0,0.0,0.0,21.0,21.0,36.77,7
3.0,17.0,17.0,14.0,8.0,9.49,38.01,5
3.0,0.0,25.0,1.0,41.0,16.03,44.38,1
3.0,0.0,14.0,5.0,20.0,7.81,21.19,1
4.0,16.0,9.0,0.0,0.0,18.36,39.36,5
3.0,0.0,7.0,1.0,32.0,25.02,38.83,1
0.0,17.0,0.0,0.0,8.0,18.79,29.41,4
0.0,21.0,0.0,3.0,6.0,18.97,41.68,4
2.0,0.0,12.0,0.0,25.0,13.0,42.49,4
0.0,0.0,0.0,0.0,22.0,22.0,35.81,7
3.0,1.0,35.0,7.0,33.0,6.32,35.69,7
4.0,0.0,0.0,41.0,-1.0,41.01,60.88,6
1.0,0.0,13.0,0.0,26.0,13.0,43.42,4
1.0,14.0,0.0,14.0,11.0,11.0,33.11,1
0.0,0.0,0.0,0.0,7.0,7.0,42.52,6
4.0,0.0,0.0,19.0,-2.0,19.1,29.83,6
4.0,14.0,6.0,0.0,0.0,15.23,32.2,5
4.0,25.0,17.0,24.0,40.0,23.02,49.74,1
2.0,0.0,16.0,16.0,24.0,17.89,28.84,4
3.0,16.0,16.0,16.0,8.0,8.0,28.84,5
1.0,1.0,6.0,0.0,12.0,6.08,38.01,4
6.0,1.0,33.0,25.0,40.0,25.0,47.17,1
5.0,10.0,3.0,0.0,0.0,10.44,26.4,5
4.0,0.0,0.0,27.0,-1.0,27.02,52.8,6
1.0,0.0,39.0,34.0,26.0,36.4,51.74,5
0.0,0.0,0.0,0.0,11.0,11.0,48.17,6
0.0,0.0,0.0,0.0,21.0,21.0,44.94,1
0.0,0.0,0.0,0.0,17.0,17.0,53.34,1
4.0,25.0,10.0,0.0,0.0,26.93,49.04,5
3.0,2.0,19.0,19.0,19.0,17.0,26.87,6
5.0,1.0,41.0,4.0,48.0,7.62,52.39,1
1.0,2.0,6.0,0.0,12.0,6.32,26.83,4
5.0,2.0,46.0,4.0,55.0,9.22,55.9,1
0.0,0.0,0.0,0.0,24.0,24.0,35.69,7
0.0,0.0,0.0,0.0,8.0,8.0,35.9,1
0.0,0.0,0.0,0.0,8.0,8.0,24.41,7
2.0,0.0,9.0,9.0,7.0,9.22,37.44,7
0.0,0.0,0.0,0.0,20.0,20.0,34.71,7
0.0,0.0,0.0,0.0,7.0,7.0,39.05,1
5.0,2.0,31.0,20.0,35.0,18.44,43.01,1
4.0,10.0,11.0,10.0,32.0,21.0,55.9,1
3.0,0.0,18.0,4.0,41.0,23.35,43.01,1
2.0,0.0,22.0,21.0,20.0,21.1,35.0,6
3.0,2.0,33.0,28.0,32.0,26.02,45.28,7
2.0,0.0,12.0,0.0,24.0,12.0,40.25,4
1.0,8.0,0.0,8.0,14.0,14.0,39.81,1
3.0,0.0,7.0,0.0,16.0,9.0,26.25,1
0.0,0.0,0.0,0.0,9.0,9.0,42.01,7
0.0,0.0,0.0,0.0,20.0,20.0,26.25,5
4.0,19.0,8.0,8.0,42.0,35.74,46.1,1
1.0,0.0,32.0,14.0,26.0,15.23,35.78,5
4.0,14.0,10.0,7.0,5.0,8.6,30.41,5
0.0,0.0,0.0,0.0,17.0,17.0,47.63,7
0.0,0.0,0.0,0.0,24.0,24.0,33.24,1
2.0,17.0,30.0,20.0,20.0,10.44,43.83,5
1.0,14.0,0.0,14.0,12.0,12.0,30.41,1
2.0,0.0,15.0,18.0,14.0,18.03,37.74,7
6.0,2.0,37.0,5.0,30.0,7.62,37.66,1
1.0,0.0,12.0,0.0,24.0,12.0,45.61,4
5.0,6.0,4.0,0.0,0.0,7.21,28.02,5
5.0,2.0,46.0,13.0,55.0,14.21,60.84,1
1.0,0.0,18.0,0.0,36.0,18.0,47.8,7
4.0,24.0,20.0,1.0,38.0,29.21,44.94,1
4.0,0.0,0.0,26.0,2.0,26.08,39.7,6
3.0,0.0,10.0,0.0,26.0,16.0,45.79,1
0.0,18.0,0.0,9.0,6.0,10.82,40.25,4
2.0,10.0,34.0,21.0,27.0,13.04,44.29,5
0.0,0.0,0.0,0.0,7.0,7.0,25.0,1
0.0,31.0,0.0,23.0,5.0,9.43,44.55,4
3.0,0.0,7.0,0.0,26.0,19.0,39.05,1
4.0,25.0,17.0,24.0,40.0,23.02,49.74,1
2.0,0.0,24.0,6.0,22.0,6.32,35.69,7
1.0,0.0,22.0,2.0,28.0,6.32,35.81,7
3.0,0.0,24.0,2.0,34.0,10.2,49.74,1
0.0,20.0,0.0,5.0,5.0,15.81,37.74,4
3.0,0.0,29.0,9.0,31.0,9.22,34.01,6
2.0,0.0,11.0,18.0,12.0,18.03,50.21,6
0.0,0.0,0.0,0.0,39.0,39.0,51.74,5
3.0,0.0,21.0,9.0,26.0,10.3,36.24,4
3.0,2.0,35.0,18.0,36.0,16.03,48.17,7
2.0,16.0,24.0,16.0,12.0,12.0,39.4,5
1.0,2.0,36.0,17.0,30.0,16.16,40.25,5
5.0,1.0,18.0,9.0,24.0,10.0,32.2,1
2.0,0.0,19.0,17.0,12.0,18.38,42.54,1
3.0,0.0,15.0,23.0,26.0,25.5,37.48,1
4.0,0.0,0.0,29.0,1.0,29.02,48.92,6
2.0,0.0,20.0,28.0,30.0,29.73,41.04,4
3.0,1.0,24.0,16.0,25.0,15.03,29.68,6
3.0,0.0,21.0,8.0,46.0,26.25,47.07,1
1.0,6.0,3.0,0.0,6.0,6.71,26.25,4
4.0,10.0,21.0,8.0,46.0,25.08,47.07,1
0.0,0.0,0.0,1.0,28.0,28.02,30.46,5
3.0,0.0,22.0,14.0,47.0,28.65,52.33,1
2.0,0.0,10.0,8.0,9.0,8.06,31.4,6
0.0,0.0,0.0,0.0,16.0,16.0,39.7,6
0.0,0.0,0.0,0.0,12.0,12.0,40.5,1
6.0,9.0,24.0,17.0,26.0,8.25,32.2,1
5.0,1.0,24.0,9.0,31.0,10.63,36.36,1
0.0,0.0,0.0,0.0,19.0,19.0,33.53,1
4.0,2.0,24.0,14.0,28.0,12.65,31.3,4
2.0,0.0,14.0,0.0,27.0,13.0,44.72,4
1.0,0.0,28.0,7.0,24.0,8.06,31.3,5
2.0,0.0,12.0,18.0,12.0,18.0,36.72,1
1.0,0.0,26.0,23.0,18.0,24.35,34.71,5
5.0,0.0,33.0,21.0,41.0,22.47,47.01,1
2.0,0.0,10.0,23.0,14.0,23.35,32.53,1
4.0,0.0,0.0,26.0,2.0,26.08,43.6,6
3.0,0.0,22.0,2.0,45.0,23.09,56.46,1
3.0,1.0,16.0,8.0,14.0,7.28,17.89,7
5.0,1.0,41.0,4.0,48.0,7.62,52.39,1
3.0,2.0,31.0,17.0,31.0,15.0,37.44,6
0.0,0.0,0.0,0.0,10.0,10.0,28.6,6
0.0,0.0,0.0,0.0,15.0,15.0,48.01,7
4.0,18.0,8.0,0.0,0.0,19.7,39.7,5
2.0,0.0,16.0,14.0,18.0,14.14,51.66,7
1.0,0.0,8.0,0.0,16.0,8.0,26.0,4
3.0,1.0,31.0,8.0,32.0,7.07,34.93,7
2.0,0.0,19.0,10.0,13.0,11.66,33.53,1
0.0,0.0,0.0,0.0,21.0,21.0,45.19,1
1.0,8.0,5.0,0.0,10.0,9.43,35.78,4
2.0,0.0,20.0,16.0,22.0,16.12,52.2,7
0.0,0.0,0.0,0.0,20.0,20.0,41.59,1
3.0,21.0,27.0,21.0,14.0,13.0,44.29,5
1.0,11.0,0.0,12.0,17.0,17.03,40.5,1
2.0,0.0,6.0,10.0,7.0,10.05,21.47,7
4.0,8.0,26.0,16.0,32.0,10.0,35.78,4
0.0,0.0,0.0,0.0,22.0,22.0,24.17,5
0.0,0.0,0.0,0.0,17.0,17.0,42.8,1
3.0,23.0,16.0,23.0,8.0,8.0,33.97,5
1.0,0.0,24.0,23.0,16.0,24.35,33.24,5
4.0,20.0,15.0,20.0,40.0,25.0,53.85,1
0.0,0.0,0.0,0.0,18.0,18.0,32.89,1
3.0,0.0,25.0,2.0,43.0,18.11,49.24,1
0.0,0.0,0.0,2.0,34.0,34.06,38.01,5
3.0,0.0,12.0,14.0,32.0,24.41,36.72,1
0.0,0.0,0.0,0.0,21.0,21.0,58.01,6
1.0,22.0,0.0,23.0,27.0,27.02,47.01,1
4.0,0.0,0.0,6.0,2.0,6.32,37.01,6
0.0,16.0,0.0,4.0,7.0,13.89,32.25,4
0.0,14.0,0.0,2.0,7.0,13.89,31.3,4
3.0,0.0,6.0,2.0,12.0,6.32,36.62,1
4.0,13.0,30.0,35.0,36.0,22.8,50.21,4
3.0,0.0,18.0,9.0,17.0,9.06,24.08,7
0.0,20.0,0.0,2.0,4.0,18.44,29.73,4
0.0,0.0,0.0,0.0,10.0,10.0,33.62,1
1.0,0.0,10.0,2.0,23.0,13.15,31.4,6
1.0,8.0,0.0,9.0,9.0,9.06,28.46,1
2.0,0.0,24.0,26.0,36.0,28.64,44.41,4
1.0,0.0,10.0,2.0,16.0,6.32,22.2,6
1.0,0.0,22.0,0.0,37.0,15.0,46.07,6
2.0,0.0,7.0,18.0,6.0,18.03,42.52,6
0.0,0.0,0.0,0.0,25.0,25.0,49.24,1
3.0,0.0,13.0,3.0,23.0,10.44,27.46,1
3.0,0.0,7.0,2.0,31.0,24.08,43.01,1
0.0,21.0,0.0,14.0,5.0,8.6,35.0,4
0.0,0.0,0.0,0.0,17.0,17.0,40.31,7
2.0,0.0,23.0,8.0,23.0,8.0,56.85,7
4.0,0.0,0.0,6.0,-2.0,6.32,42.52,6
4.0,18.0,16.0,19.0,41.0,25.02,45.19,1
3.0,0.0,25.0,1.0,41.0,16.03,44.38,1
0.0,0.0,0.0,0.0,22.0,22.0,42.06,1
0.0,0.0,0.0,0.0,11.0,11.0,34.06,6
4.0,25.0,9.0,26.0,29.0,20.02,60.84,1
0.0,0.0,0.0,0.0,25.0,25.0,44.38,1
0.0,18.0,0.0,9.0,6.0,10.82,40.25,4
4.0,22.0,14.0,24.0,21.0,7.28,35.38,1
3.0,22.0,23.0,22.0,12.0,11.0,40.5,5
4.0,10.0,7.0,12.0,28.0,21.1,30.46,1
3.0,2.0,29.0,28.0,31.0,26.08,41.77,6
5.0,1.0,37.0,17.0,30.0,17.46,41.59,1
2.0,0.0,10.0,0.0,19.0,9.0,31.3,4
4.0,0.0,0.0,22.0,-2.0,22.09,34.06,6
1.0,8.0,0.0,8.0,7.0,7.0,38.83,1
1.0,15.0,5.0,0.0,10.0,15.81,43.86,4
3.0,0.0,18.0,2.0,37.0,19.1,43.68,1
3.0,16.0,12.0,0.0,0.0,20.0,39.4,5
0.0,0.0,0.0,2.0,39.0,39.05,43.83,5
2.0,0.0,13.0,8.0,10.0,8.54,35.9,1
1.0,20.0,0.0,22.0,14.0,14.14,35.38,1
1.0,0.0,12.0,0.0,31.0,19.0,38.6,7
1.0,0.0,12.0,0.0,18.0,6.0,23.85,6
0.0,0.0,0.0,0.0,8.0,8.0,31.3,7
0.0,0.0,0.0,0.0,18.0,18.0,43.68,1
2.0,0.0,21.0,24.0,23.0,24.08,44.94,1
2.0,0.0,18.0,23.0,18.0,23.0,37.01,6
1.0,2.0,38.0,17.0,26.0,19.21,41.63,5
0.0,12.0,0.0,2.0,4.0,10.77,26.83,4
6.0,4.0,55.0,10.0,32.0,23.77,55.9,1
2.0,0.0,13.0,14.0,12.0,14.04,25.24,1
5.0,0.0,16.0,20.0,17.0,20.02,26.25,1
2.0,0.0,25.0,11.0,25.0,11.0,70.71,6
4.0,20.0,16.0,21.0,40.0,24.02,52.39,1
1.0,6.0,0.0,7.0,24.0,24.02,37.66,1
0.0,0.0,0.0,0.0,20.0,20.0,41.62,6
1.0,1.0,36.0,25.0,30.0,24.74,50.21,5
0.0,0.0,0.0,0.0,16.0,16.0,47.17,1
6.0,13.0,29.0,15.0,28.0,2.24,33.62,1
4.0,17.0,10.0,0.0,0.0,19.72,43.83,5
5.0,2.0,43.0,12.0,50.0,12.21,53.85,1
3.0,12.0,16.0,12.0,8.0,8.0,26.83,5
4.0,18.0,12.0,14.0,32.0,20.4,36.72,1
1.0,2.0,7.0,0.0,14.0,7.28,31.3,4
1.0,2.0,25.0,13.0,20.0,12.08,33.97,5
1.0,0.0,20.0,1.0,43.0,23.02,44.38,7
3.0,14.0,19.0,14.0,10.0,9.0,30.41,5
3.0,0.0,18.0,7.0,31.0,14.76,32.89,1
0.0,0.0,0.0,0.0,6.0,6.0,26.0,1
3.0,1.0,44.0,30.0,43.0,29.02,53.25,7
5.0,1.0,32.0,22.0,31.0,21.02,38.83,1
1.0,0.0,19.0,1.0,31.0,12.04,38.01,7
2.0,9.0,15.0,10.0,10.0,5.1,22.36,5
2.0,5.0,16.0,19.0,13.0,14.32,27.59,5
2.0,0.0,18.0,21.0,28.0,23.26,35.0,4
3.0,0.0,24.0,2.0,30.0,6.32,30.59,1
0.0,0.0,0.0,0.0,6.0,6.0,42.01,6
1.0,14.0,7.0,0.0,14.0,15.65,38.21,4
3.0,1.0,38.0,33.0,37.0,32.02,50.33,6
2.0,0.0,20.0,11.0,18.0,11.18,44.38,7
0.0,0.0,0.0,0.0,23.0,23.0,45.97,7
4.0,10.0,6.0,0.0,0.0,11.66,29.07,5
2.0,0.0,18.0,12.0,7.0,16.28,44.64,1
2.0,0.0,22.0,12.0,21.0,12.04,46.32,7
0.0,34.0,0.0,24.0,6.0,11.66,50.99,4
4.0,11.0,18.0,1.0,23.0,11.18,25.5,1
3.0,0.0,16.0,0.0,33.0,17.0,47.17,1
2.0,0.0,14.0,14.0,21.0,15.65,38.21,4
0.0,0.0,0.0,0.0,11.0,11.0,39.82,6
3.0,31.0,19.0,25.0,10.0,10.82,49.04,5
4.0,22.0,8.0,0.0,0.0,23.41,41.05,5
2.0,0.0,14.0,7.0,14.0,7.0,24.17,7
4.0,0.0,0.0,26.0,1.0,26.02,60.83,6
1.0,20.0,0.0,22.0,8.0,8.25,41.34,1
0.0,0.0,0.0,0.0,11.0,11.0,32.2,1
3.0,2.0,33.0,17.0,32.0,15.03,43.6,6
2.0,0.0,18.0,2.0,27.0,9.22,40.25,4
3.0,0.0,21.0,18.0,21.0,18.0,27.66,7
6.0,4.0,51.0,8.0,30.0,21.38,51.79,1
1.0,1.0,24.0,10.0,18.0,10.82,28.3,5
1.0,24.0,6.0,0.0,12.0,24.74,50.99,4
2.0,0.0,7.0,23.0,10.0,23.19,38.6,1
1.0,0.0,24.0,0.0,31.0,7.0,41.77,7
1.0,8.0,0.0,9.0,18.0,18.03,34.21,1
5.0,0.0,40.0,6.0,42.0,6.32,49.74,1
1.0,22.0,0.0,22.0,7.0,7.0,38.83,1
0.0,0.0,0.0,2.0,20.0,20.1,26.25,5
4.0,9.0,17.0,5.0,37.0,20.4,38.08,1
0.0,0.0,0.0,0.0,10.0,10.0,36.36,1
1.0,2.0,27.0,12.0,21.0,11.66,36.8,5
2.0,0.0,14.0,2.0,21.0,7.28,31.3,4
4.0,10.0,13.0,10.0,32.0,19.0,33.53,1
0.0,0.0,0.0,0.0,24.0,24.0,41.77,7
4.0,24.0,10.0,25.0,24.0,14.04,39.05,1
1.0,0.0,24.0,2.0,46.0,22.09,54.92,7
1.0,0.0,25.0,0.0,33.0,8.0,41.34,7
0.0,0.0,0.0,0.0,24.0,24.0,47.01,1
1.0,0.0,14.0,0.0,39.0,25.0,53.26,7
3.0,2.0,27.0,18.0,36.0,18.36,40.25,4
2.0,0.0,12.0,2.0,18.0,6.32,26.83,4
1.0,24.0,0.0,25.0,9.0,9.06,60.84,1
1.0,2.0,7.0,0.0,14.0,7.28,31.3,4
3.0,0.0,22.0,15.0,22.0,15.0,27.8,7
2.0,0.0,13.0,8.0,11.0,8.25,33.96,1
6.0,2.0,38.0,6.0,30.0,8.94,38.83,1
0.0,21.0,0.0,12.0,5.0,10.3,38.28,4
4.0,25.0,9.0,26.0,29.0,20.02,60.84,1
1.0,8.0,0.0,8.0,10.0,10.0,35.9,1
6.0,6.0,40.0,12.0,21.0,19.92,41.76,1
1.0,12.0,0.0,13.0,7.0,7.07,30.87,1
0.0,0.0,0.0,0.0,13.0,13.0,29.83,6
0.0,0.0,0.0,0.0,19.0,19.0,48.84,7
3.0,17.0,7.0,0.0,0.0,18.38,26.25,5
2.0,0.0,14.0,4.0,21.0,8.06,32.25,4
2.0,0.0,11.0,8.0,11.0,8.0,28.32,7
4.0,10.0,7.0,9.0,24.0,17.03,26.0,1
1.0,11.0,8.0,0.0,16.0,13.6,40.61,4
0.0,0.0,0.0,0.0,6.0,6.0,26.0,1
1.0,0.0,6.0,2.0,12.0,6.32,17.8,6
2.0,0.0,21.0,11.0,22.0,11.05,48.51,7
1.0,13.0,0.0,15.0,17.0,17.12,38.08,1
3.0,2.0,46.0,30.0,45.0,28.02,54.92,7
0.0,0.0,0.0,0.0,18.0,18.0,48.84,6
1.0,1.0,10.0,0.0,19.0,9.06,42.49,4
3.0,0.0,18.0,2.0,38.0,20.1,44.64,1
1.0,13.0,0.0,15.0,10.0,10.2,27.46,1
1.0,6.0,0.0,7.0,12.0,12.04,21.19,1
4.0,16.0,8.0,6.0,4.0,10.77,28.84,5
3.0,34.0,24.0,34.0,12.0,12.0,48.8,5
2.0,0.0,6.0,6.0,4.0,6.32,24.76,7
1.0,16.0,0.0,17.0,25.0,25.02,45.19,1
2.0,0.0,20.0,15.0,12.0,17.0,40.85,1
5.0,2.0,23.0,6.0,28.0,6.4,30.46,1
0.0,0.0,0.0,0.0,17.0,17.0,38.08,1
0.0,0.0,0.0,0.0,11.0,11.0,32.2,1
2.0,0.0,16.0,10.0,15.0,10.05,32.57,1
5.0,1.0,29.0,23.0,33.0,22.36,40.22,1
3.0,26.0,15.0,18.0,8.0,10.63,39.7,5
1.0,0.0,17.0,0.0,35.0,18.0,50.25,7
1.0,0.0,21.0,2.0,29.0,8.25,35.23,6
3.0,2.0,46.0,42.0,44.0,40.05,62.29,6
2.0,0.0,6.0,17.0,7.0,17.03,34.06,6
2.0,14.0,18.0,19.0,13.0,7.07,32.2,5
2.0,0.0,10.0,10.0,11.0,10.05,21.93,6
4.0,22.0,8.0,7.0,35.0,30.89,41.34,1
1.0,1.0,22.0,18.0,14.0,18.79,28.43,5
0.0,0.0,0.0,2.0,20.0,20.1,22.36,5
0.0,0.0,0.0,0.0,13.0,13.0,50.33,6
4.0,14.0,21.0,6.0,26.0,9.43,29.53,1
3.0,0.0,21.0,14.0,38.0,22.02,44.94,1
1.0,0.0,12.0,0.0,35.0,23.0,48.1,7
3.0,0.0,20.0,8.0,38.0,19.7,40.85,1
2.0,17.0,14.0,17.0,7.0,7.0,26.25,5
1.0,0.0,17.0,2.0,24.0,7.28,32.8,6
0.0,0.0,0.0,1.0,38.0,38.01,47.8,5
1.0,0.0,6.0,0.0,31.0,25.0,36.72,7
2.0,0.0,25.0,15.0,24.0,15.03,53.25,7
3.0,2.0,26.0,8.0,26.0,6.0,27.2,7
4.0,21.0,8.0,0.0,0.0,22.47,38.42,5
4.0,0.0,0.0,17.0,0.0,17.0,27.02,6
1.0,0.0,24.0,2.0,33.0,9.22,45.28,7
4.0,0.0,0.0,13.0,0.0,13.0,45.8,6
1.0,0.0,14.0,1.0,38.0,24.02,46.65,7
2.0,0.0,18.0,14.0,18.0,14.0,48.27,6
2.0,0.0,8.0,0.0,15.0,7.0,26.63,4
3.0,1.0,36.0,14.0,38.0,13.15,47.71,6
2.0,0.0,7.0,10.0,5.0,10.2,31.06,6
4.0,19.0,8.0,10.0,32.0,25.63,37.22,1
1.0,0.0,8.0,0.0,22.0,14.0,27.8,7
4.0,6.0,7.0,7.0,24.0,17.03,25.0,1
0.0,0.0,0.0,0.0,14.0,14.0,46.65,7
1.0,15.0,0.0,15.0,16.0,16.0,38.08,1
3.0,0.0,6.0,1.0,13.0,7.07,26.0,1
0.0,0.0,0.0,0.0,20.0,20.0,49.66,1
1.0,0.0,16.0,1.0,38.0,22.02,51.66,7
0.0,0.0,0.0,0.0,22.0,22.0,62.29,6
1.0,7.0,0.0,8.0,18.0,18.03,33.24,1
4.0,8.0,11.0,8.0,29.0,18.0,35.9,1
0.0,12.0,0.0,2.0,6.0,11.66,26.83,4
4.0,0.0,0.0,15.0,0.0,15.0,41.73,6
4.0,17.0,10.0,0.0,0.0,19.72,43.83,5
4.0,15.0,17.0,15.0,24.0,7.0,38.08,1
0.0,0.0,0.0,0.0,19.0,19.0,38.01,7
1.0,0.0,23.0,2.0,32.0,9.22,44.55,7
1.0,1.0,28.0,7.0,24.0,7.21,31.3,5
4.0,24.0,14.0,23.0,39.0,25.02,45.79,1
4.0,5.0,20.0,12.0,24.0,8.06,26.83,4
4.0,7.0,30.0,18.0,36.0,12.53,40.25,4
0.0,0.0,0.0,0.0,18.0,18.0,29.55,1
6.0,20.0,35.0,25.0,29.0,7.81,43.01,1
3.0,2.0,20.0,15.0,22.0,13.15,26.63,7
0.0,0.0,0.0,1.0,30.0,30.02,39.7,5
0.0,0.0,0.0,0.0,6.0,6.0,35.11,7
1.0,0.0,8.0,2.0,19.0,11.18,27.02,6
0.0,0.0,0.0,0.0,6.0,6.0,18.87,7
4.0,15.0,12.0,8.0,38.0,26.93,40.85,1
3.0,16.0,15.0,16.0,8.0,7.0,27.2,5
0.0,0.0,0.0,0.0,7.0,7.0,38.6,1
3.0,11.0,24.0,25.0,32.0,16.12,40.61,4
3.0,0.0,31.0,10.0,33.0,10.2,42.01,7
3.0,0.0,37.0,21.0,35.0,21.1,46.4,6
1.0,1.0,20.0,9.0,14.0,10.0,21.93,5
0.0,0.0,0.0,0.0,30.0,30.0,37.8,5
0.0,0.0,0.0,0.0,19.0,19.0,49.74,1
3.0,2.0,23.0,22.0,25.0,20.1,33.3,7
5.0,1.0,13.0,5.0,22.0,9.85,26.0,1
0.0,0.0,0.0,0.0,14.0,14.0,43.19,6
3.0,19.0,7.0,0.0,0.0,20.25,28.32,5
0.0,0.0,0.0,0.0,32.0,32.0,35.78,5
2.0,0.0,26.0,17.0,40.0,22.02,43.46,4
2.0,6.0,20.0,12.0,16.0,7.21,25.94,5
1.0,19.0,0.0,20.0,10.0,10.05,32.02,1
4.0,0.0,0.0,13.0,0.0,13.0,41.77,6
3.0,0.0,33.0,14.0,33.0,14.0,41.62,6
3.0,15.0,14.0,12.0,7.0,7.62,30.89,5
0.0,0.0,0.0,0.0,22.0,22.0,54.2,6
4.0,17.0,10.0,0.0,0.0,19.72,43.83,5
0.0,0.0,0.0,0.0,16.0,16.0,51.66,7
3.0,0.0,13.0,1.0,34.0,21.02,41.76,1
3.0,0.0,30.0,10.0,30.0,10.0,40.36,6
4.0,9.0,30.0,18.0,36.0,10.82,40.25,4
1.0,0.0,22.0,2.0,46.0,24.08,62.29,6
3.0,2.0,35.0,32.0,35.0,30.0,48.17,6
1.0,24.0,0.0,25.0,12.0,12.04,43.01,1
4.0,17.0,6.0,0.0,0.0,18.03,33.3,5
5.0,2.0,23.0,24.0,26.0,22.2,35.38,1
3.0,2.0,32.0,22.0,32.0,20.0,44.55,7
1.0,3.0,6.0,0.0,12.0,6.71,27.29,4
1.0,0.0,21.0,1.0,45.0,24.02,62.94,7
2.0,0.0,13.0,8.0,10.0,8.54,35.9,1
4.0,19.0,11.0,17.0,30.0,19.1,41.59,1
2.0,0.0,13.0,28.0,12.0,28.02,46.69,6
0.0,0.0,0.0,0.0,12.0,12.0,37.66,1
4.0,23.0,14.0,13.0,23.0,13.45,32.53,1
1.0,0.0,9.0,0.0,18.0,9.0,30.46,4
2.0,0.0,14.0,15.0,16.0,15.13,38.08,1
1.0,25.0,0.0,26.0,11.0,11.05,40.46,1
3.0,0.0,25.0,24.0,31.0,24.74,50.99,4
3.0,0.0,24.0,1.0,48.0,24.02,52.39,1
0.0,0.0,0.0,0.0,23.0,23.0,48.37,7
2.0,0.0,14.0,15.0,20.0,16.16,25.0,4
3.0,2.0,34.0,21.0,33.0,19.03,42.2,6
1.0,0.0,13.0,2.0,29.0,16.12,41.77,6
4.0,23.0,12.0,14.0,47.0,36.14,52.33,1
2.0,0.0,14.0,2.0,21.0,7.28,31.3,4
6.0,10.0,42.0,12.0,24.0,18.11,43.68,1
3.0,2.0,25.0,17.0,23.0,15.13,35.38,6
1.0,18.0,0.0,19.0,13.0,13.04,32.2,1
2.0,0.0,10.0,0.0,21.0,11.0,36.24,4
0.0,0.0,0.0,0.0,6.0,6.0,17.8,6
3.0,0.0,9.0,2.0,23.0,14.14,30.46,1
0.0,0.0,0.0,0.0,12.0,12.0,48.1,7
0.0,0.0,0.0,0.0,13.0,13.0,35.9,1
0.0,0.0,0.0,2.0,21.0,21.1,23.26,5
0.0,0.0,0.0,0.0,14.0,14.0,38.08,1
3.0,0.0,21.0,2.0,31.0,10.2,53.31,1
2.0,0.0,21.0,15.0,24.0,15.3,35.34,1
1.0,0.0,12.0,0.0,24.0,12.0,48.84,4
1.0,8.0,0.0,8.0,14.0,14.0,39.81,1
2.0,0.0,14.0,10.0,16.0,10.2,45.28,6
0.0,0.0,0.0,0.0,11.0,11.0,28.46,1
2.0,0.0,10.0,0.0,21.0,11.0,37.74,4
3.0,0.0,25.0,1.0,46.0,21.02,48.38,1
2.0,10.0,16.0,10.0,8.0,8.0,26.0,5
0.0,0.0,0.0,2.0,22.0,22.09,26.63,5
4.0,15.0,10.0,3.0,23.0,17.69,27.46,1
3.0,0.0,16.0,1.0,31.0,15.03,32.57,1
5.0,0.0,20.0,27.0,24.0,27.29,36.12,1
5.0,2.0,48.0,8.0,56.0,10.0,58.82,1
1.0,13.0,6.0,0.0,12.0,14.32,50.21,4
1.0,0.0,14.0,0.0,39.0,25.0,52.8,6
3.0,2.0,41.0,31.0,41.0,29.0,51.4,7
5.0,2.0,29.0,12.0,30.0,10.05,33.11,1
0.0,0.0,0.0,0.0,14.0,14.0,42.72,7
3.0,23.0,17.0,22.0,8.0,9.06,41.05,5
1.0,0.0,6.0,0.0,26.0,20.0,36.88,6
1.0,0.0,24.0,10.0,18.0,11.66,27.29,5
2.0,0.0,7.0,23.0,10.0,23.19,38.6,1
5.0,2.0,27.0,8.0,35.0,10.0,35.9,1
3.0,18.0,18.0,16.0,9.0,9.22,39.36,5
0.0,0.0,0.0,0.0,18.0,18.0,48.27,6
2.0,0.0,14.0,24.0,14.0,24.0,44.1,7
1.0,1.0,26.0,10.0,18.0,12.04,29.07,5
4.0,20.0,15.0,20.0,40.0,25.0,53.85,1
2.0,10.0,14.0,10.0,7.0,7.0,24.17,5
4.0,15.0,14.0,2.0,22.0,15.26,26.63,1
0.0,0.0,0.0,0.0,21.0,21.0,46.52,6
1.0,1.0,22.0,14.0,19.0,13.34,27.2,5
4.0,12.0,7.0,12.0,21.0,14.0,41.76,1
2.0,25.0,30.0,31.0,19.0,12.53,49.04,5
3.0,2.0,22.0,9.0,21.0,7.07,23.77,7
3.0,0.0,10.0,1.0,24.0,14.04,36.36,1
3.0,1.0,43.0,9.0,41.0,8.25,44.38,7
1.0,6.0,0.0,6.0,7.0,7.0,25.0,1
3.0,0.0,21.0,14.0,32.0,17.8,35.34,1
0.0,0.0,0.0,0.0,11.0,11.0,40.46,1
3.0,0.0,26.0,11.0,28.0,11.18,34.41,7
3.0,0.0,10.0,13.0,23.0,18.38,32.53,1
0.0,27.0,0.0,12.0,7.0,16.55,38.9,4
2.0,0.0,7.0,7.0,6.0,7.07,37.44,6
4.0,11.0,18.0,1.0,23.0,11.18,25.5,1
3.0,0.0,47.0,27.0,45.0,27.07,54.2,6
1.0,0.0,17.0,2.0,33.0,16.12,43.6,6
1.0,0.0,30.0,23.0,20.0,25.08,37.8,5
1.0,0.0,8.0,1.0,25.0,17.03,34.83,7
2.0,0.0,13.0,13.0,11.0,13.15,37.16,1
4.0,12.0,7.0,0.0,0.0,13.89,32.2,5
5.0,2.0,23.0,24.0,26.0,22.2,35.38,1
2.0,0.0,15.0,28.0,14.0,28.02,48.01,7
4.0,12.0,6.0,12.0,17.0,11.0,26.83,1
3.0,0.0,19.0,2.0,37.0,18.11,38.83,1
5.0,1.0,46.0,15.0,38.0,16.12,48.38,1
3.0,0.0,36.0,23.0,36.0,23.0,42.72,7
0.0,0.0,0.0,0.0,7.0,7.0,17.8,6
3.0,0.0,26.0,14.0,28.0,14.14,31.3,7
0.0,0.0,0.0,0.0,22.0,22.0,24.6,5
2.0,0.0,24.0,28.0,24.0,28.0,41.77,7
1.0,0.0,6.0,2.0,31.0,25.08,35.11,7
3.0,15.0,15.0,14.0,8.0,7.07,33.54,5
3.0,1.0,26.0,12.0,27.0,11.05,30.41,7
2.0,0.0,10.0,0.0,21.0,11.0,44.55,4
0.0,17.0,0.0,2.0,6.0,16.16,38.01,4
5.0,1.0,34.0,14.0,38.0,13.6,40.5,1
5.0,1.0,22.0,11.0,28.0,11.66,30.87,1
3.0,0.0,11.0,14.0,31.0,24.41,40.46,1
3.0,0.0,19.0,0.0,31.0,12.0,37.66,1
4.0,0.0,0.0,20.0,0.0,20.0,32.8,6
3.0,17.0,17.0,14.0,8.0,9.49,38.01,5
4.0,0.0,0.0,21.0,0.0,21.0,42.52,6
3.0,10.0,13.0,10.0,6.0,7.0,23.26,5
4.0,0.0,0.0,15.0,-2.0,15.13,46.07,6
1.0,0.0,12.0,0.0,24.0,12.0,39.4,4
5.0,2.0,35.0,7.0,24.0,12.08,35.9,1
1.0,22.0,0.0,24.0,10.0,10.2,39.05,1
4.0,0.0,0.0,11.0,0.0,11.0,50.33,6
2.0,0.0,22.0,21.0,22.0,21.0,46.07,6
3.0,2.0,46.0,12.0,47.0,10.05,48.51,7
1.0,10.0,0.0,10.0,7.0,7.0,30.46,1
3.0,2.0,35.0,36.0,34.0,34.01,50.21,6
1.0,21.0,0.0,22.0,6.0,6.08,49.24,1
0.0,0.0,0.0,0.0,17.0,17.0,38.28,6
4.0,10.0,7.0,12.0,28.0,21.1,30.46,1
2.0,0.0,25.0,14.0,26.0,14.04,48.38,1
3.0,0.0,30.0,24.0,29.0,24.02,38.42,6
3.0,2.0,27.0,23.0,25.0,21.1,35.47,7
4.0,7.0,12.0,5.0,20.0,8.25,21.19,1
0.0,0.0,0.0,0.0,20.0,20.0,46.1,1
5.0,2.0,31.0,9.0,32.0,7.07,33.24,1
0.0,0.0,0.0,2.0,34.0,34.06,38.01,5
3.0,0.0,30.0,29.0,28.0,29.07,41.73,6
2.0,0.0,12.0,20.0,11.0,20.02,32.8,6
3.0,1.0,20.0,8.0,22.0,7.28,27.8,6
2.0,15.0,14.0,15.0,7.0,7.0,26.63,5
0.0,0.0,0.0,0.0,21.0,21.0,46.23,6
1.0,0.0,24.0,9.0,20.0,9.85,27.29,5
2.0,0.0,19.0,7.0,24.0,8.6,37.66,1
1.0,0.0,6.0,1.0,24.0,18.03,34.71,6
3.0,0.0,11.0,0.0,26.0,15.0,35.38,1
0.0,0.0,0.0,0.0,12.0,12.0,41.73,6
0.0,0.0,0.0,0.0,24.0,24.0,58.82,1
0.0,0.0,0.0,0.0,18.0,18.0,50.99,7
1.0,0.0,16.0,0.0,26.0,10.0,33.29,6
1.0,7.0,0.0,8.0,18.0,18.03,33.24,1
1.0,0.0,13.0,2.0,32.0,19.1,46.69,6
0.0,22.0,0.0,5.0,8.0,18.79,38.83,4
5.0,1.0,24.0,9.0,31.0,10.63,36.36,1
2.0,0.0,10.0,0.0,21.0,11.0,43.86,4
4.0,9.0,26.0,17.0,32.0,10.0,36.24,4
3.0,0.0,31.0,25.0,29.0,25.08,39.82,6
2.0,0.0,19.0,1.0,29.0,10.05,42.49,4
3.0,10.0,7.0,0.0,0.0,12.21,24.17,5
2.0,0.0,6.0,12.0,8.0,12.17,33.24,7
0.0,0.0,0.0,0.0,37.0,37.0,41.15,5
1.0,1.0,28.0,12.0,18.0,14.87,30.46,5
2.0,0.0,11.0,7.0,10.0,7.07,26.57,7
3.0,1.0,20.0,14.0,21.0,13.04,28.6,6
1.0,10.0,0.0,10.0,21.0,21.0,47.07,1
0.0,0.0,0.0,0.0,25.0,25.0,48.17,7
2.0,0.0,10.0,0.0,21.0,11.0,38.28,4
6.0,4.0,37.0,19.0,31.0,16.16,42.06,1
2.0,0.0,20.0,7.0,22.0,7.28,41.59,1
1.0,1.0,25.0,17.0,18.0,17.46,31.4,5
2.0,0.0,16.0,25.0,18.0,25.08,47.17,1
2.0,0.0,24.0,23.0,27.0,23.19,47.01,1
3.0,1.0,29.0,11.0,31.0,10.2,33.24,7
5.0,2.0,37.0,10.0,42.0,9.43,43.68,1
2.0,0.0,12.0,12.0,17.0,13.0,40.5,1
3.0,0.0,30.0,21.0,29.0,21.02,39.7,6
4.0,7.0,24.0,5.0,37.0,13.15,37.66,1
1.0,8.0,0.0,10.0,16.0,16.12,43.68,1
1.0,1.0,31.0,20.0,24.0,20.25,43.14,5
0.0,0.0,0.0,0.0,25.0,25.0,53.25,7
1.0,8.0,0.0,10.0,16.0,16.12,43.68,1
2.0,0.0,24.0,18.0,24.0,18.0,58.82,1
4.0,7.0,24.0,14.0,28.0,8.06,31.3,4
2.0,0.0,17.0,25.0,10.0,25.96,53.34,1
1.0,0.0,9.0,2.0,33.0,24.08,46.67,7
1.0,22.0,0.0,22.0,15.0,15.0,56.46,1
0.0,0.0,0.0,0.0,12.0,12.0,47.01,6
3.0,0.0,24.0,9.0,30.0,10.82,40.25,4
1.0,0.0,37.0,12.0,30.0,13.89,41.15,5
1.0,2.0,4.0,0.0,8.0,4.47,26.83,4
2.0,0.0,16.0,17.0,24.0,18.79,29.41,4
3.0,2.0,26.0,22.0,26.0,20.0,34.06,6
3.0,0.0,17.0,1.0,28.0,11.05,38.08,1
4.0,0.0,0.0,20.0,1.0,20.02,38.29,6
4.0,13.0,7.0,11.0,28.0,21.1,30.87,1
4.0,27.0,9.0,23.0,26.0,17.46,37.48,1
6.0,4.0,51.0,8.0,30.0,21.38,51.79,1
3.0,13.0,13.0,10.0,6.0,7.62,29.07,5
3.0,2.0,18.0,15.0,24.0,14.32,28.3,4
3.0,0.0,12.0,1.0,34.0,22.02,40.5,1
4.0,16.0,10.0,11.0,5.0,7.07,36.67,5
2.0,0.0,24.0,25.0,17.0,25.96,49.74,1
4.0,22.0,6.0,24.0,13.0,7.28,49.24,1
3.0,0.0,7.0,2.0,22.0,15.13,34.99,1
1.0,7.0,0.0,8.0,15.0,15.03,30.08,1
1.0,16.0,0.0,17.0,14.0,14.04,33.62,1
0.0,12.0,0.0,0.0,9.0,15.0,30.46,4
0.0,17.0,0.0,1.0,6.0,17.09,38.01,4
3.0,16.0,16.0,14.0,8.0,8.25,36.67,5
1.0,0.0,11.0,2.0,21.0,10.2,28.32,7
0.0,0.0,0.0,0.0,7.0,7.0,38.6,1
0.0,0.0,0.0,0.0,20.0,20.0,34.01,6
2.0,0.0,26.0,21.0,38.0,24.19,43.42,4
3.0,1.0,30.0,14.0,28.0,13.15,39.7,6
1.0,0.0,23.0,2.0,42.0,19.1,48.37,7
4.0,0.0,0.0,26.0,-1.0,26.02,42.01,6
1.0,6.0,0.0,7.0,12.0,12.04,21.19,1
2.0,0.0,20.0,19.0,8.0,22.47,46.1,1
1.0,1.0,35.0,9.0,30.0,9.43,48.1,5
4.0,0.0,0.0,13.0,1.0,13.04,26.87,6
4.0,8.0,11.0,8.0,20.0,9.0,33.96,1
1.0,0.0,6.0,1.0,18.0,12.04,21.47,7
3.0,10.0,10.0,9.0,5.0,5.1,22.36,5
3.0,0.0,29.0,14.0,29.0,14.0,37.01,6
1.0,19.0,0.0,21.0,10.0,10.2,36.62,1
3.0,0.0,21.0,8.0,46.0,26.25,47.07,1
4.0,0.0,0.0,21.0,0.0,21.0,32.65,6
2.0,0.0,21.0,17.0,25.0,17.46,45.19,1
2.0,0.0,10.0,0.0,21.0,11.0,35.78,4
3.0,1.0,29.0,22.0,29.0,21.0,40.31,7
2.0,0.0,24.0,34.0,36.0,36.06,49.52,4
4.0,0.0,0.0,14.0,0.0,14.0,35.47,6
1.0,0.0,7.0,1.0,17.0,10.05,18.79,7
0.0,0.0,0.0,0.0,37.0,37.0,40.31,5
3.0,0.0,24.0,1.0,41.0,17.03,52.39,1
0.0,0.0,0.0,0.0,7.0,7.0,16.16,7
3.0,2.0,24.0,20.0,23.0,18.03,34.06,6
2.0,0.0,7.0,14.0,7.0,14.0,30.41,7
1.0,19.0,0.0,20.0,10.0,10.05,32.02,1
1.0,23.0,0.0,25.0,20.0,20.1,49.74,1
2.0,0.0,20.0,25.0,20.0,25.0,46.86,7
0.0,0.0,0.0,0.0,8.0,8.0,27.02,6
1.0,1.0,27.0,7.0,24.0,6.71,30.41,5
1.0,0.0,30.0,14.0,24.0,15.23,33.54,5
5.0,2.0,38.0,5.0,43.0,5.83,44.64,1
5.0,6.0,4.0,0.0,0.0,7.21,26.83,5
2.0,0.0,17.0,14.0,21.0,14.56,29.53,1
3.0,0.0,14.0,2.0,31.0,17.12,33.24,1
5.0,10.0,7.0,0.0,0.0,12.21,44.29,5
1.0,1.0,8.0,0.0,16.0,8.06,35.78,4
1.0,22.0,0.0,24.0,20.0,20.1,44.94,1
3.0,12.0,21.0,27.0,28.0,16.55,38.9,4
4.0,21.0,10.0,21.0,30.0,20.0,36.62,1
2.0,0.0,13.0,12.0,14.0,12.04,26.87,6
0.0,0.0,0.0,0.0,12.0,12.0,26.25,7
1.0,0.0,12.0,1.0,23.0,11.05,32.8,6
0.0,0.0,0.0,0.0,37.0,37.0,41.15,5
0.0,0.0,0.0,0.0,21.0,21.0,53.31,1
4.0,0.0,0.0,22.0,0.0,22.0,62.29,6
1.0,0.0,14.0,2.0,32.0,18.11,45.28,6
1.0,11.0,0.0,12.0,7.0,7.07,44.64,1
1.0,18.0,0.0,20.0,14.0,14.14,42.06,1
0.0,0.0,0.0,2.0,25.0,25.08,27.31,5
2.0,0.0,6.0,20.0,10.0,20.4,32.02,1
6.0,4.0,48.0,19.0,40.0,17.0,52.39,1
3.0,0.0,22.0,18.0,23.0,18.03,29.21,6
3.0,0.0,24.0,2.0,48.0,24.08,58.82,1
1.0,2.0,6.0,0.0,12.0,6.32,40.25,4
3.0,0.0,6.0,1.0,13.0,7.07,26.0,1
0.0,14.0,0.0,2.0,7.0,13.89,31.3,4
0.0,0.0,0.0,1.0,33.0,33.02,36.67,5
4.0,0.0,0.0,13.0,2.0,13.15,22.2,6
1.0,18.0,0.0,19.0,8.0,8.06,37.22,1
1.0,0.0,22.0,10.0,14.0,12.81,24.17,5
0.0,0.0,0.0,0.0,12.0,12.0,39.7,6
3.0,17.0,13.0,0.0,0.0,21.4,42.54,5
2.0,0.0,13.0,8.0,15.0,8.25,30.08,1
2.0,0.0,16.0,10.0,15.0,10.05,32.57,1
2.0,0.0,20.0,18.0,16.0,18.44,45.19,1
2.0,14.0,26.0,16.0,21.0,5.39,35.78,5
5.0,2.0,48.0,8.0,56.0,10.0,58.82,1
1.0,2.0,32.0,14.0,26.0,13.42,35.78,5
0.0,0.0,0.0,0.0,10.0,10.0,42.2,6
1.0,22.0,0.0,24.0,10.0,10.2,39.05,1
2.0,0.0,25.0,22.0,23.0,22.09,41.34,7
5.0,15.0,6.0,0.0,0.0,16.16,40.5,5
2.0,0.0,25.0,26.0,25.0,26.0,60.88,6
0.0,0.0,0.0,0.0,16.0,16.0,46.04,7
2.0,0.0,14.0,22.0,8.0,22.8,41.34,1
3.0,20.0,20.0,17.0,10.0,10.44,43.83,5
0.0,19.0,0.0,0.0,7.0,20.25,27.59,4
3.0,2.0,31.0,24.0,30.0,22.02,41.11,7
3.0,15.0,21.0,27.0,28.0,13.89,38.9,4
4.0,0.0,0.0,28.0,-1.0,28.02,42.52,6
3.0,0.0,25.0,2.0,43.0,18.11,49.24,1
0.0,0.0,0.0,0.0,6.0,6.0,36.62,1
0.0,16.0,0.0,0.0,8.0,17.89,28.84,4
0.0,19.0,0.0,1.0,10.0,20.59,42.49,4
5.0,2.0,12.0,21.0,30.0,26.17,36.62,1
5.0,14.0,5.0,0.0,0.0,14.87,35.78,5
1.0,0.0,7.0,2.0,31.0,24.08,37.44,6
4.0,0.0,0.0,19.0,0.0,19.0,50.21,6
0.0,0.0,0.0,0.0,16.0,16.0,38.83,6
1.0,0.0,8.0,0.0,16.0,8.0,28.84,4
2.0,0.0,14.0,9.0,18.0,9.85,34.21,1
1.0,24.0,0.0,25.0,17.0,17.03,49.74,1
3.0,11.0,11.0,10.0,6.0,5.1,24.6,5
5.0,2.0,39.0,17.0,18.0,25.81,42.54,1
2.0,0.0,20.0,14.0,18.0,14.14,34.01,6
4.0,12.0,7.0,0.0,0.0,13.89,30.89,5
1.0,0.0,18.0,2.0,40.0,22.09,50.22,6
0.0,0.0,0.0,0.0,9.0,9.0,29.21,6
3.0,1.0,31.0,21.0,31.0,20.0,37.44,7
1.0,6.0,7.0,0.0,14.0,9.22,36.88,4
5.0,2.0,23.0,6.0,28.0,6.4,30.46,1
3.0,0.0,11.0,2.0,22.0,11.18,26.63,1
0.0,0.0,0.0,0.0,24.0,24.0,49.68,6
5.0,7.0,5.0,0.0,0.0,8.6,30.41,5
3.0,0.0,11.0,1.0,29.0,18.03,40.22,1
0.0,0.0,0.0,1.0,31.0,31.02,43.14,5
2.0,0.0,17.0,14.0,17.0,14.0,39.7,6
2.0,18.0,24.0,26.0,15.0,12.04,39.7,5
0.0,0.0,0.0,0.0,24.0,24.0,30.59,1
2.0,0.0,14.0,12.0,14.0,12.0,42.72,7
0.0,0.0,0.0,0.0,8.0,8.0,34.66,6
5.0,1.0,21.0,18.0,25.0,17.46,32.02,1
2.0,0.0,13.0,13.0,11.0,13.15,37.16,1
2.0,0.0,18.0,13.0,12.0,14.32,43.01,1
4.0,13.0,8.0,9.0,4.0,5.66,27.29,5
6.0,14.0,30.0,25.0,24.0,12.53,39.05,1
3.0,1.0,35.0,9.0,37.0,8.25,44.1,7
0.0,0.0,0.0,0.0,13.0,13.0,37.16,1
2.0,0.0,24.0,12.0,25.0,12.04,54.92,7
0.0,19.0,0.0,5.0,6.0,15.23,42.49,4
6.0,14.0,52.0,20.0,36.0,17.09,56.46,1
2.0,9.0,20.0,13.0,16.0,5.66,26.42,5
3.0,15.0,10.0,10.0,5.0,7.07,25.0,5
4.0,12.0,18.0,4.0,27.0,12.04,29.55,1
4.0,22.0,7.0,22.0,31.0,24.0,38.83,1
3.0,1.0,18.0,17.0,18.0,16.0,24.76,7
3.0,16.0,12.0,0.0,0.0,20.0,40.31,5
6.0,14.0,30.0,25.0,24.0,12.53,39.05,1
3.0,0.0,11.0,0.0,26.0,15.0,35.38,1
4.0,14.0,8.0,0.0,0.0,16.12,33.54,5
3.0,0.0,17.0,0.0,34.0,17.0,42.8,1
0.0,0.0,0.0,0.0,12.0,12.0,38.91,7
2.0,0.0,10.0,27.0,13.0,27.17,36.12,1
1.0,0.0,25.0,2.0,35.0,10.2,48.17,7
3.0,0.0,20.0,1.0,34.0,14.04,45.19,1
3.0,1.0,44.0,33.0,44.0,32.0,60.88,6
3.0,0.0,19.0,2.0,43.0,24.08,53.85,1
1.0,3.0,6.0,0.0,12.0,6.71,41.68,4
3.0,0.0,7.0,3.0,31.0,24.19,38.6,1
4.0,23.0,21.0,24.0,31.0,10.05,39.2,1
5.0,2.0,31.0,20.0,35.0,18.44,43.01,1
0.0,0.0,0.0,0.0,17.0,17.0,38.08,1
0.0,0.0,0.0,0.0,19.0,19.0,37.66,1
1.0,22.0,0.0,23.0,10.0,10.05,38.6,1
3.0,2.0,18.0,12.0,24.0,11.66,26.83,4
3.0,0.0,20.0,1.0,34.0,14.04,45.19,1
3.0,0.0,19.0,1.0,27.0,8.06,38.95,1
2.0,0.0,16.0,10.0,24.0,12.81,26.0,4
1.0,0.0,11.0,2.0,26.0,15.13,34.06,6
3.0,19.0,12.0,17.0,6.0,6.32,31.4,5
2.0,0.0,21.0,8.0,22.0,8.06,46.23,6
1.0,8.0,5.0,0.0,10.0,9.43,35.78,4
3.0,0.0,24.0,6.0,31.0,9.22,33.24,1
4.0,0.0,0.0,22.0,-1.0,22.02,48.17,6
4.0,21.0,14.0,20.0,45.0,31.02,49.66,1
2.0,17.0,18.0,22.0,12.0,7.81,33.3,5
1.0,0.0,16.0,2.0,41.0,25.08,46.53,6
0.0,0.0,0.0,1.0,34.0,34.01,41.05,5
5.0,0.0,46.0,4.0,51.0,6.4,51.79,1
4.0,14.0,10.0,7.0,5.0,8.6,31.3,5
0.0,0.0,0.0,1.0,24.0,24.02,26.0,5
0.0,0.0,0.0,0.0,6.0,6.0,33.24,7
6.0,9.0,31.0,18.0,17.0,16.64,36.36,1
5.0,1.0,48.0,21.0,40.0,21.54,52.39,1
5.0,2.0,27.0,9.0,22.0,8.6,28.46,1
3.0,18.0,24.0,18.0,12.0,12.0,41.15,5
1.0,0.0,19.0,1.0,35.0,16.03,39.36,7
3.0,2.0,43.0,33.0,42.0,31.02,58.8,6
0.0,0.0,0.0,0.0,16.0,16.0,46.4,6
2.0,0.0,12.0,0.0,24.0,12.0,41.68,4
1.0,0.0,16.0,2.0,32.0,16.12,38.83,6
1.0,0.0,7.0,0.0,13.0,6.0,17.8,6
2.0,0.0,16.0,23.0,21.0,23.54,39.2,1
0.0,0.0,0.0,0.0,19.0,19.0,33.53,1
4.0,19.0,11.0,18.0,17.0,6.08,36.36,1
2.0,0.0,11.0,9.0,9.0,9.22,28.46,1
1.0,0.0,15.0,0.0,37.0,22.0,44.1,6
0.0,16.0,0.0,8.0,5.0,9.43,35.78,4
0.0,0.0,0.0,1.0,24.0,24.02,30.61,5
2.0,0.0,25.0,10.0,11.0,17.2,55.9,1
3.0,9.0,7.0,0.0,0.0,11.4,21.93,5
0.0,0.0,0.0,0.0,21.0,21.0,44.94,1
2.0,0.0,14.0,8.0,18.0,8.94,33.24,1
4.0,0.0,0.0,31.0,1.0,31.02,48.27,6
3.0,0.0,7.0,1.0,32.0,25.02,38.83,1
0.0,0.0,0.0,0.0,20.0,20.0,41.59,1
3.0,0.0,28.0,16.0,29.0,16.03,39.7,6
4.0,0.0,0.0,9.0,0.0,9.0,50.22,6
1.0,2.0,24.0,6.0,20.0,5.66,26.83,5
0.0,0.0,0.0,1.0,24.0,24.02,28.3,5
4.0,9.0,18.0,6.0,33.0,15.3,34.21,1
0.0,0.0,0.0,0.0,11.0,11.0,40.22,1
1.0,0.0,24.0,9.0,20.0,9.85,26.83,5
3.0,0.0,16.0,5.0,20.0,6.4,26.83,4
1.0,2.0,6.0,0.0,12.0,6.32,28.3,4
2.0,0.0,10.0,13.0,7.0,13.34,30.87,1
1.0,0.0,20.0,0.0,29.0,9.0,34.01,6
2.0,0.0,6.0,21.0,10.0,21.38,36.62,1
1.0,1.0,33.0,9.0,26.0,10.63,36.67,5
1.0,0.0,7.0,0.0,32.0,25.0,42.52,6
0.0,22.0,0.0,0.0,11.0,24.6,38.83,4
5.0,0.0,31.0,5.0,37.0,7.81,37.66,1
4.0,22.0,15.0,20.0,36.0,21.1,56.46,1
1.0,25.0,0.0,25.0,18.0,18.0,47.17,1
6.0,3.0,35.0,15.0,24.0,16.28,38.08,1
4.0,20.0,11.0,22.0,22.0,11.18,43.05,1
2.0,0.0,11.0,18.0,13.0,18.11,51.66,6
6.0,4.0,48.0,19.0,40.0,17.0,52.39,1
2.0,0.0,12.0,0.0,24.0,12.0,40.25,4
6.0,3.0,24.0,12.0,17.0,11.4,26.83,1
5.0,2.0,46.0,4.0,55.0,9.22,55.9,1
1.0,0.0,8.0,0.0,16.0,8.0,28.3,4
0.0,12.0,0.0,0.0,9.0,15.0,30.46,4
3.0,1.0,38.0,35.0,37.0,34.01,51.66,7
1.0,0.0,17.0,0.0,36.0,19.0,47.63,7
0.0,0.0,0.0,0.0,17.0,17.0,50.25,7
2.0,0.0,12.0,10.0,12.0,10.0,26.25,7
4.0,0.0,0.0,39.0,-1.0,39.01,58.8,6
3.0,20.0,20.0,17.0,10.0,10.44,43.83,5
2.0,0.0,14.0,9.0,18.0,9.85,34.21,1
0.0,0.0,0.0,0.0,17.0,17.0,53.81,6
2.0,9.0,15.0,10.0,10.0,5.1,23.26,5
5.0,0.0,33.0,21.0,41.0,22.47,47.01,1
0.0,0.0,0.0,0.0,12.0,12.0,24.08,7
5.0,2.0,34.0,15.0,30.0,13.6,37.16,1
1.0,22.0,0.0,22.0,15.0,15.0,56.46,1
0.0,0.0,0.0,0.0,19.0,19.0,38.83,1
4.0,20.0,14.0,19.0,31.0,17.03,42.06,1
3.0,2.0,21.0,14.0,28.0,13.89,31.3,4
1.0,2.0,20.0,10.0,15.0,9.43,25.0,5
3.0,15.0,15.0,14.0,8.0,7.07,33.54,5
3.0,0.0,21.0,14.0,32.0,17.8,35.34,1
1.0,20.0,0.0,21.0,26.0,26.02,52.39,1
0.0,0.0,0.0,0.0,21.0,21.0,35.34,1
4.0,23.0,21.0,24.0,31.0,10.05,39.2,1
3.0,2.0,43.0,41.0,43.0,39.0,59.41,7
0.0,0.0,0.0,0.0,22.0,22.0,41.59,1
4.0,18.0,16.0,19.0,41.0,25.02,45.19,1
2.0,0.0,19.0,8.0,7.0,14.42,38.83,1
3.0,2.0,28.0,21.0,29.0,19.03,35.81,7
4.0,7.0,12.0,5.0,20.0,8.25,21.19,1
2.0,6.0,20.0,16.0,16.0,10.77,28.02,5
1.0,0.0,7.0,2.0,23.0,16.12,29.21,7
5.0,2.0,43.0,12.0,50.0,12.21,53.85,1
4.0,12.0,8.0,6.0,31.0,23.77,33.24,1
2.0,21.0,16.0,21.0,8.0,8.0,31.14,5
1.0,12.0,6.0,0.0,12.0,13.42,42.19,4
0.0,26.0,0.0,14.0,7.0,13.89,38.21,4
1.0,0.0,9.0,1.0,31.0,22.02,37.44,7
3.0,0.0,32.0,28.0,32.0,28.0,42.52,6
1.0,1.0,21.0,10.0,16.0,10.3,26.4,5
1.0,0.0,10.0,1.0,28.0,18.03,30.46,7
0.0,0.0,0.0,0.0,24.0,24.0,49.74,1
2.0,17.0,18.0,19.0,12.0,6.32,31.4,5
0.0,0.0,0.0,0.0,18.0,18.0,43.01,1
1.0,0.0,13.0,2.0,23.0,10.2,33.3,7
3.0,0.0,20.0,20.0,45.0,32.02,49.66,1
4.0,0.0,0.0,22.0,-1.0,22.02,34.83,6
3.0,0.0,38.0,26.0,38.0,26.0,46.04,7
3.0,2.0,16.0,12.0,18.0,10.2,22.2,6
0.0,0.0,0.0,0.0,10.0,10.0,32.53,1
0.0,0.0,0.0,1.0,20.0,20.02,21.93,5
0.0,0.0,0.0,0.0,10.0,10.0,22.2,6
0.0,28.0,0.0,0.0,10.0,29.73,41.04,4
0.0,0.0,0.0,0.0,17.0,17.0,42.8,1
2.0,0.0,13.0,12.0,7.0,13.42,41.76,1
0.0,0.0,0.0,0.0,17.0,17.0,53.34,1
1.0,16.0,0.0,18.0,16.0,16.12,45.19,1
2.0,11.0,26.0,16.0,21.0,7.07,36.67,5
0.0,0.0,0.0,0.0,13.0,13.0,25.24,1
3.0,1.0,33.0,9.0,35.0,8.25,39.82,7
4.0,8.0,11.0,8.0,20.0,9.0,33.96,1
3.0,1.0,45.0,40.0,45.0,39.0,62.94,7
0.0,0.0,0.0,0.0,12.0,12.0,39.7,6
0.0,0.0,0.0,0.0,14.0,14.0,38.29,6
1.0,0.0,18.0,2.0,24.0,6.32,34.06,7
2.0,12.0,21.0,25.0,14.0,14.76,36.8,5
2.0,0.0,8.0,0.0,16.0,8.0,28.3,4
0.0,0.0,0.0,0.0,9.0,9.0,37.44,7
1.0,20.0,0.0,21.0,26.0,26.02,52.39,1
2.0,0.0,12.0,0.0,23.0,11.0,42.8,4
0.0,0.0,0.0,0.0,14.0,14.0,41.34,1
3.0,0.0,16.0,1.0,24.0,8.06,39.2,1
1.0,0.0,15.0,0.0,25.0,10.0,32.02,7
4.0,34.0,12.0,20.0,6.0,15.23,48.8,5
4.0,14.0,10.0,7.0,5.0,8.6,31.3,5
2.0,0.0,16.0,1.0,24.0,8.06,35.78,4
2.0,0.0,16.0,17.0,24.0,18.79,29.41,4
1.0,2.0,21.0,5.0,16.0,5.83,23.26,5
0.0,27.0,0.0,13.0,8.0,16.12,41.87,4
2.0,20.0,24.0,30.0,16.0,12.81,43.14,5
4.0,10.0,15.0,9.0,26.0,11.05,32.57,1
0.0,0.0,0.0,0.0,11.0,11.0,35.38,1
0.0,0.0,0.0,0.0,24.0,24.0,33.24,5
2.0,0.0,17.0,14.0,21.0,14.56,29.53,1
2.0,12.0,30.0,18.0,24.0,8.49,41.15,5
1.0,19.0,0.0,21.0,10.0,10.2,36.62,1
1.0,19.0,0.0,20.0,11.0,11.05,43.05,1
6.0,5.0,22.0,9.0,24.0,4.47,26.0,1
3.0,12.0,9.0,0.0,0.0,15.0,30.46,5
4.0,0.0,0.0,16.0,1.0,16.03,42.64,6
1.0,5.0,8.0,0.0,16.0,9.43,38.83,4
4.0,18.0,14.0,16.0,33.0,19.1,46.62,1
0.0,0.0,0.0,0.0,30.0,30.0,33.54,5
0.0,16.0,0.0,0.0,12.0,20.0,39.4,4
3.0,0.0,10.0,10.0,32.0,24.17,37.22,1
3.0,2.0,32.0,12.0,33.0,10.05,38.08,7
0.0,0.0,0.0,0.0,24.0,24.0,30.59,1
4.0,13.0,11.0,15.0,30.0,19.1,37.16,1
2.0,0.0,18.0,2.0,27.0,9.22,40.25,4
2.0,9.0,14.0,9.0,7.0,7.0,21.93,5
2.0,0.0,19.0,8.0,7.0,14.42,38.83,1
0.0,0.0,0.0,0.0,20.0,20.0,35.47,7
0.0,0.0,0.0,0.0,15.0,15.0,37.48,1
1.0,9.0,5.0,0.0,10.0,10.3,32.25,4
2.0,0.0,9.0,18.0,11.0,18.11,46.67,7
3.0,0.0,36.0,30.0,37.0,30.02,47.63,7
3.0,0.0,20.0,3.0,41.0,21.21,41.59,1
0.0,0.0,0.0,0.0,13.0,13.0,41.77,6
3.0,0.0,19.0,0.0,25.0,6.0,33.53,1
1.0,0.0,7.0,0.0,15.0,8.0,19.85,7
2.0,0.0,17.0,24.0,20.0,24.19,44.94,1
3.0,0.0,25.0,9.0,25.0,9.0,26.57,7
0.0,0.0,0.0,0.0,15.0,15.0,26.0,7
1.0,5.0,7.0,0.0,14.0,8.6,44.72,4
4.0,17.0,25.0,19.0,41.0,16.12,45.19,1
4.0,27.0,9.0,23.0,26.0,17.46,37.48,1
4.0,22.0,11.0,24.0,32.0,21.1,40.0,1
3.0,0.0,11.0,2.0,22.0,11.18,26.63,1
4.0,10.0,7.0,9.0,24.0,17.03,26.0,1
1.0,0.0,12.0,2.0,20.0,8.25,26.25,7
4.0,2.0,20.0,15.0,24.0,13.6,28.3,4
2.0,0.0,7.0,25.0,12.0,25.5,43.01,1
1.0,0.0,36.0,16.0,24.0,20.0,39.4,5
0.0,28.0,0.0,0.0,12.0,30.46,45.61,4
0.0,0.0,0.0,0.0,19.0,19.0,42.54,1
2.0,0.0,10.0,19.0,8.0,19.1,37.22,1
1.0,10.0,0.0,12.0,6.0,6.32,26.83,1
3.0,0.0,16.0,1.0,31.0,15.03,32.57,1
2.0,0.0,13.0,25.0,13.0,25.0,37.54,7
3.0,0.0,37.0,7.0,35.0,7.28,48.27,6
0.0,0.0,0.0,0.0,12.0,12.0,26.83,1
4.0,7.0,30.0,22.0,36.0,16.16,42.19,4
3.0,0.0,13.0,3.0,23.0,10.44,27.46,1
6.0,9.0,43.0,24.0,40.0,15.3,49.74,1
4.0,22.0,7.0,22.0,31.0,24.0,38.83,1
0.0,0.0,0.0,0.0,14.0,14.0,53.26,7
0.0,18.0,0.0,2.0,6.0,17.09,40.25,4
1.0,2.0,20.0,9.0,15.0,8.6,22.36,5
2.0,0.0,12.0,0.0,24.0,12.0,40.25,4
0.0,21.0,0.0,0.0,13.0,24.7,43.42,4
0.0,0.0,0.0,1.0,33.0,33.02,36.67,5
1.0,0.0,6.0,2.0,25.0,19.1,35.38,6
4.0,0.0,0.0,17.0,0.0,17.0,37.44,6
2.0,0.0,20.0,10.0,21.0,10.05,49.24,7
4.0,21.0,25.0,21.0,49.0,24.0,53.31,1
5.0,1.0,22.0,11.0,28.0,11.66,30.87,1
2.0,0.0,14.0,32.0,14.0,32.0,52.8,6
4.0,13.0,12.0,4.0,41.0,30.36,43.01,1
1.0,18.0,0.0,19.0,18.0,18.03,38.95,1
2.0,22.0,18.0,22.0,9.0,9.0,34.83,5
0.0,0.0,0.0,0.0,7.0,7.0,19.85,7
3.0,0.0,13.0,0.0,21.0,8.0,25.24,1
2.0,0.0,12.0,14.0,11.0,14.04,33.11,1
2.0,0.0,15.0,14.0,15.0,14.0,44.1,6
0.0,0.0,0.0,0.0,7.0,7.0,31.06,6
5.0,0.0,20.0,27.0,24.0,27.29,36.12,1
0.0,0.0,0.0,0.0,13.0,13.0,41.76,1
3.0,0.0,21.0,12.0,26.0,13.0,38.28,4
0.0,0.0,0.0,0.0,25.0,25.0,70.71,6
3.0,2.0,46.0,35.0,48.0,33.06,59.41,6
1.0,6.0,0.0,7.0,24.0,24.02,37.66,1
1.0,0.0,25.0,2.0,44.0,19.1,60.83,6
4.0,17.0,12.0,17.0,18.0,6.0,42.54,1
1.0,5.0,8.0,0.0,16.0,9.43,37.22,4
3.0,0.0,19.0,0.0,40.0,21.0,49.74,1
2.0,0.0,8.0,6.0,8.0,6.0,27.02,6
3.0,20.0,20.0,17.0,10.0,10.44,43.83,5
2.0,0.0,24.0,28.0,36.0,30.46,45.61,4
0.0,0.0,0.0,0.0,21.0,21.0,62.94,7
1.0,6.0,0.0,7.0,22.0,22.02,41.59,1
2.0,0.0,15.0,10.0,13.0,10.2,26.0,7
1.0,17.0,0.0,18.0,12.0,12.04,36.72,1
1.0,0.0,12.0,0.0,24.0,12.0,39.4,4
2.0,9.0,26.0,16.0,21.0,8.6,36.67,5
3.0,0.0,26.0,22.0,24.0,22.09,36.88,6
1.0,0.0,11.0,0.0,22.0,11.0,37.22,4
5.0,17.0,6.0,0.0,0.0,18.03,40.25,5
0.0,0.0,0.0,1.0,32.0,32.02,34.93,5
0.0,0.0,0.0,0.0,14.0,14.0,21.19,1
2.0,0.0,21.0,20.0,21.0,20.0,46.52,6
4.0,9.0,9.0,9.0,22.0,13.0,28.46,1
0.0,0.0,0.0,0.0,17.0,17.0,32.8,6
0.0,27.0,0.0,15.0,7.0,13.89,38.9,4
3.0,0.0,12.0,1.0,35.0,23.02,37.66,1
2.0,7.0,24.0,14.0,19.0,8.6,31.3,5
0.0,0.0,0.0,1.0,21.0,21.02,23.26,5
3.0,12.0,9.0,0.0,0.0,15.0,30.46,5
1.0,0.0,14.0,2.0,32.0,18.11,43.19,6
4.0,8.0,10.0,7.0,24.0,14.04,35.9,1
4.0,0.0,0.0,23.0,-1.0,23.02,53.76,6
2.0,0.0,6.0,10.0,7.0,10.05,26.0,1
5.0,1.0,27.0,19.0,34.0,19.31,38.95,1
3.0,14.0,16.0,14.0,8.0,8.0,27.78,5
0.0,0.0,0.0,0.0,6.0,6.0,34.71,6
2.0,19.0,16.0,19.0,8.0,8.0,31.4,5
5.0,0.0,26.0,23.0,39.0,26.42,45.79,1
1.0,10.0,0.0,10.0,7.0,7.0,26.0,1
4.0,19.0,11.0,20.0,17.0,6.08,26.25,1
2.0,0.0,12.0,12.0,6.0,13.42,26.83,1
3.0,2.0,37.0,25.0,37.0,23.0,44.65,6
1.0,9.0,0.0,11.0,12.0,12.17,32.89,1
0.0,0.0,0.0,2.0,32.0,32.06,35.78,5
2.0,0.0,10.0,17.0,14.0,17.46,33.62,1
2.0,0.0,19.0,17.0,12.0,18.38,42.54,1
6.0,17.0,29.0,17.0,30.0,1.0,34.99,1
2.0,0.0,21.0,10.0,21.0,10.0,56.59,7
1.0,0.0,6.0,1.0,18.0,12.04,24.76,7
2.0,0.0,8.0,27.0,10.0,27.07,42.64,6
4.0,14.0,12.0,8.0,27.0,16.16,30.41,1
4.0,0.0,0.0,29.0,0.0,29.0,43.19,6
3.0,16.0,21.0,16.0,10.0,11.0,36.67,5
3.0,2.0,41.0,21.0,40.0,19.03,54.56,6
4.0,16.0,8.0,14.0,4.0,4.47,27.2,5
1.0,22.0,0.0,24.0,20.0,20.1,44.94,1
1.0,0.0,15.0,1.0,31.0,16.03,37.74,7
2.0,9.0,14.0,9.0,7.0,7.0,21.93,5
1.0,0.0,16.0,1.0,28.0,12.04,37.44,6
2.0,0.0,11.0,22.0,14.0,22.2,35.38,1
2.0,0.0,24.0,6.0,13.0,12.53,30.59,1
0.0,0.0,0.0,0.0,30.0,30.0,36.62,5
4.0,14.0,12.0,8.0,27.0,16.16,30.41,1
2.0,16.0,24.0,16.0,12.0,12.0,40.31,5
4.0,12.0,8.0,6.0,4.0,7.21,25.94,5
0.0,24.0,0.0,6.0,7.0,19.31,36.88,4
1.0,8.0,0.0,9.0,9.0,9.06,51.79,1
3.0,0.0,24.0,2.0,30.0,6.32,30.59,1
3.0,0.0,24.0,22.0,26.0,22.09,35.61,6
2.0,0.0,20.0,23.0,19.0,23.02,34.71,7
0.0,12.0,0.0,0.0,9.0,15.0,30.46,4
2.0,0.0,22.0,19.0,32.0,21.47,37.22,4
1.0,16.0,0.0,18.0,11.0,11.18,34.99,1
1.0,12.0,5.0,0.0,10.0,13.0,38.28,4
0.0,0.0,0.0,0.0,22.0,22.0,51.79,1
1.0,0.0,17.0,0.0,31.0,14.0,39.2,6
1.0,0.0,24.0,2.0,41.0,17.12,54.56,6
3.0,0.0,11.0,14.0,31.0,24.41,40.46,1
0.0,0.0,0.0,0.0,15.0,15.0,53.76,6
3.0,1.0,35.0,17.0,34.0,16.03,38.91,7
2.0,0.0,11.0,20.0,13.0,20.1,34.06,6
0.0,0.0,0.0,1.0,23.0,23.02,31.14,5
0.0,0.0,0.0,0.0,9.0,9.0,38.08,7
3.0,30.0,16.0,20.0,8.0,12.81,43.14,5
1.0,2.0,39.0,17.0,30.0,17.49,43.83,5
1.0,19.0,0.0,20.0,11.0,11.05,43.05,1
3.0,0.0,24.0,2.0,30.0,6.32,40.25,4
1.0,0.0,21.0,1.0,32.0,11.05,36.77,7
4.0,0.0,0.0,15.0,1.0,15.03,27.8,6
1.0,0.0,24.0,1.0,38.0,14.04,49.68,6
0.0,0.0,0.0,0.0,14.0,14.0,35.47,6
4.0,0.0,0.0,13.0,-1.0,13.04,38.28,6
1.0,1.0,35.0,20.0,30.0,19.65,48.8,5
1.0,0.0,9.0,0.0,18.0,9.0,35.0,4
4.0,16.0,10.0,14.0,5.0,5.39,35.78,5
3.0,6.0,21.0,24.0,28.0,19.31,36.88,4
0.0,0.0,0.0,0.0,13.0,13.0,37.54,7
1.0,1.0,23.0,6.0,20.0,5.83,28.02,5
3.0,0.0,13.0,2.0,34.0,21.1,37.16,1
0.0,0.0,0.0,0.0,19.0,19.0,46.62,1
4.0,14.0,8.0,0.0,0.0,16.12,34.89,5
2.0,0.0,24.0,20.0,16.0,21.54,52.39,1
4.0,10.0,6.0,0.0,0.0,11.66,27.29,5
4.0,12.0,8.0,9.0,4.0,5.0,26.83,5
0.0,0.0,0.0,0.0,9.0,9.0,46.67,7
0.0,0.0,0.0,0.0,29.0,29.0,31.38,5
0.0,0.0,0.0,0.0,27.0,27.0,34.83,5
2.0,23.0,18.0,23.0,9.0,9.0,34.71,5
2.0,0.0,6.0,9.0,8.0,9.22,35.38,6
6.0,6.0,42.0,23.0,43.0,17.03,49.74,1
0.0,0.0,0.0,0.0,18.0,18.0,45.45,7
5.0,9.0,4.0,0.0,0.0,9.85,26.83,5
6.0,5.0,43.0,12.0,21.0,23.09,44.64,1
1.0,2.0,9.0,0.0,18.0,9.22,40.25,4
6.0,5.0,43.0,12.0,21.0,23.09,44.64,1
2.0,0.0,8.0,8.0,11.0,8.54,35.9,1
4.0,17.0,12.0,17.0,18.0,6.0,42.54,1
1.0,24.0,0.0,26.0,18.0,18.11,42.8,1
2.0,0.0,24.0,21.0,26.0,21.1,52.39,1
0.0,0.0,0.0,1.0,26.0,26.02,29.07,5
1.0,0.0,25.0,1.0,44.0,19.03,53.25,7
1.0,2.0,5.0,0.0,10.0,5.39,31.3,4
0.0,20.0,0.0,5.0,7.0,16.55,44.72,4
0.0,0.0,0.0,0.0,9.0,9.0,31.11,6
4.0,13.0,8.0,9.0,4.0,5.66,26.42,5
1.0,0.0,20.0,0.0,36.0,16.0,45.8,6
0.0,0.0,0.0,0.0,9.0,9.0,41.11,7
3.0,2.0,18.0,12.0,24.0,11.66,26.83,4
4.0,7.0,22.0,3.0,41.0,19.42,41.59,1
4.0,8.0,7.0,6.0,30.0,23.09,38.83,1
0.0,0.0,0.0,0.0,19.0,19.0,38.83,1
3.0,0.0,18.0,4.0,27.0,9.85,29.55,1
0.0,16.0,0.0,0.0,12.0,20.0,39.4,4
2.0,0.0,22.0,32.0,22.0,32.0,47.42,7
0.0,0.0,0.0,0.0,8.0,8.0,40.82,1
1.0,0.0,12.0,0.0,24.0,12.0,39.4,4
1.0,0.0,11.0,2.0,35.0,24.08,50.21,6
1.0,0.0,25.0,1.0,44.0,19.03,60.88,6
4.0,0.0,0.0,19.0,0.0,19.0,40.0,6
6.0,14.0,52.0,20.0,36.0,17.09,56.46,1
0.0,26.0,0.0,0.0,12.0,28.64,44.41,4
2.0,0.0,15.0,27.0,9.0,27.66,37.48,1
2.0,14.0,22.0,14.0,11.0,11.0,34.93,5
0.0,15.0,0.0,2.0,4.0,13.6,28.3,4
2.0,0.0,18.0,25.0,18.0,25.0,59.41,7
4.0,14.0,21.0,6.0,26.0,9.43,29.53,1
3.0,25.0,14.0,12.0,7.0,14.76,36.8,5
1.0,0.0,17.0,0.0,30.0,13.0,39.7,6
3.0,1.0,33.0,9.0,35.0,8.25,38.28,6
4.0,0.0,0.0,11.0,0.0,11.0,17.8,6
0.0,0.0,0.0,0.0,12.0,12.0,36.72,1
4.0,24.0,23.0,14.0,38.0,18.03,44.94,1
0.0,0.0,0.0,0.0,28.0,28.0,30.46,5
2.0,0.0,19.0,7.0,24.0,8.6,37.66,1
3.0,1.0,18.0,8.0,19.0,7.07,21.47,7
1.0,18.0,0.0,19.0,11.0,11.05,26.25,1
2.0,0.0,22.0,25.0,9.0,28.18,60.84,1
4.0,0.0,0.0,8.0,-1.0,8.06,17.8,6
0.0,0.0,0.0,0.0,24.0,24.0,27.29,5
4.0,23.0,12.0,14.0,47.0,36.14,52.33,1
4.0,11.0,12.0,7.0,31.0,19.42,32.89,1
2.0,0.0,6.0,12.0,6.0,12.0,35.11,7
1.0,0.0,16.0,1.0,36.0,20.02,47.71,6
2.0,0.0,16.0,10.0,14.0,10.2,33.29,6
4.0,26.0,10.0,0.0,0.0,27.86,49.82,5
6.0,8.0,35.0,8.0,29.0,6.0,35.9,1
4.0,23.0,10.0,3.0,31.0,29.0,38.6,1
2.0,0.0,10.0,24.0,14.0,24.33,45.79,1
0.0,0.0,0.0,0.0,30.0,30.0,33.54,5
1.0,0.0,11.0,0.0,22.0,11.0,34.93,4
1.0,14.0,0.0,14.0,17.0,17.0,40.85,1
3.0,0.0,20.0,7.0,19.0,7.07,26.63,6
2.0,0.0,18.0,12.0,7.0,16.28,44.64,1
2.0,0.0,8.0,24.0,7.0,24.02,34.66,6
2.0,23.0,16.0,23.0,8.0,8.0,33.24,5
1.0,0.0,6.0,0.0,25.0,19.0,34.83,6
1.0,1.0,29.0,12.0,21.0,13.6,32.2,5
3.0,0.0,14.0,6.0,33.0,19.92,34.21,1
2.0,0.0,7.0,22.0,11.0,22.36,40.0,1
0.0,0.0,0.0,0.0,8.0,8.0,35.9,1
5.0,1.0,28.0,3.0,35.0,7.28,38.08,1
5.0,2.0,43.0,24.0,13.0,37.2,49.24,1
0.0,14.0,0.0,7.0,5.0,8.6,31.3,4
4.0,0.0,0.0,17.0,1.0,17.03,31.06,6
0.0,15.0,0.0,0.0,9.0,17.49,31.76,4
3.0,0.0,24.0,2.0,34.0,10.2,49.74,1
2.0,0.0,12.0,33.0,12.0,33.0,48.1,7
3.0,2.0,29.0,20.0,29.0,18.0,35.23,6
3.0,0.0,13.0,6.0,15.0,6.32,16.16,7
4.0,14.0,8.0,0.0,0.0,16.12,38.01,5
3.0,0.0,6.0,2.0,12.0,6.32,36.62,1
0.0,0.0,0.0,0.0,13.0,13.0,26.63,7
0.0,0.0,0.0,0.0,10.0,10.0,32.53,1
0.0,12.0,0.0,5.0,4.0,8.06,26.83,4
4.0,23.0,10.0,3.0,31.0,29.0,38.6,1
2.0,0.0,12.0,15.0,12.0,15.0,38.6,7
0.0,0.0,0.0,0.0,22.0,22.0,60.84,1
1.0,0.0,14.0,2.0,37.0,23.09,48.92,6
2.0,0.0,14.0,15.0,14.0,15.0,26.63,6
1.0,17.0,0.0,18.0,14.0,14.04,46.62,1
2.0,0.0,11.0,15.0,14.0,15.3,26.63,1
3.0,0.0,20.0,0.0,37.0,17.0,43.05,1
3.0,2.0,23.0,19.0,24.0,17.03,31.4,6
2.0,18.0,25.0,21.0,20.0,5.83,36.62,5
4.0,5.0,26.0,20.0,32.0,16.16,37.74,4
3.0,2.0,45.0,30.0,45.0,28.0,58.9,7
1.0,1.0,26.0,14.0,18.0,15.26,32.2,5
2.0,0.0,12.0,14.0,11.0,14.04,33.11,1
0.0,0.0,0.0,0.0,8.0,8.0,42.64,6
0.0,0.0,0.0,0.0,12.0,12.0,30.41,1
4.0,2.0,19.0,20.0,22.0,18.25,29.73,4
3.0,16.0,16.0,14.0,8.0,8.25,34.89,5
1.0,0.0,11.0,2.0,35.0,24.08,48.17,6
3.0,14.0,14.0,12.0,7.0,7.28,32.2,5
2.0,0.0,12.0,16.0,12.0,16.0,39.7,6
4.0,17.0,10.0,0.0,0.0,19.72,42.49,5
3.0,0.0,25.0,21.0,26.0,21.02,34.83,6
0.0,0.0,0.0,0.0,7.0,7.0,43.01,1
1.0,0.0,15.0,2.0,22.0,7.28,26.0,7
0.0,0.0,0.0,0.0,7.0,7.0,23.41,7
3.0,1.0,45.0,25.0,43.0,24.08,58.01,6
0.0,14.0,0.0,2.0,7.0,13.89,31.3,4
1.0,0.0,11.0,0.0,25.0,14.0,26.57,7
2.0,9.0,24.0,14.0,19.0,7.07,30.41,5
0.0,0.0,0.0,0.0,10.0,10.0,37.22,1
5.0,1.0,35.0,2.0,37.0,2.24,37.66,1
3.0,0.0,17.0,5.0,37.0,20.62,38.08,1
3.0,1.0,35.0,18.0,35.0,17.0,39.36,7
1.0,0.0,21.0,0.0,30.0,9.0,38.42,6
3.0,1.0,23.0,8.0,24.0,7.07,32.8,6
3.0,24.0,15.0,21.0,8.0,7.62,38.42,5
6.0,24.0,24.0,24.0,31.0,7.0,39.2,1
0.0,0.0,0.0,0.0,14.0,14.0,30.61,7
4.0,17.0,10.0,0.0,0.0,19.72,43.83,5
0.0,16.0,0.0,0.0,12.0,20.0,39.4,4
3.0,0.0,12.0,2.0,19.0,7.28,26.83,1
2.0,0.0,12.0,0.0,25.0,13.0,50.99,4
1.0,0.0,12.0,0.0,36.0,24.0,47.01,6
1.0,18.0,0.0,19.0,11.0,11.05,26.25,1
0.0,15.0,0.0,2.0,4.0,13.6,26.63,4
3.0,2.0,21.0,19.0,21.0,17.0,28.32,7
4.0,2.0,30.0,18.0,36.0,17.09,40.25,4
0.0,0.0,0.0,0.0,12.0,12.0,38.6,7
1.0,22.0,0.0,23.0,27.0,27.02,47.01,1
0.0,17.0,0.0,0.0,13.0,21.4,43.46,4
1.0,0.0,12.0,0.0,18.0,6.0,24.08,7
2.0,0.0,16.0,15.0,24.0,17.0,28.3,4
0.0,0.0,0.0,0.0,19.0,19.0,40.36,6
2.0,0.0,22.0,14.0,34.0,18.44,36.77,4
1.0,0.0,10.0,1.0,20.0,10.05,28.6,6
4.0,8.0,7.0,6.0,30.0,23.09,38.83,1
4.0,0.0,0.0,14.0,2.0,14.14,35.23,6
1.0,2.0,6.0,0.0,12.0,6.32,26.83,4
0.0,0.0,0.0,0.0,10.0,10.0,36.36,1
1.0,10.0,0.0,12.0,18.0,18.11,29.55,1
2.0,8.0,20.0,19.0,16.0,11.7,30.61,5
4.0,17.0,6.0,0.0,0.0,18.03,31.4,5
1.0,0.0,14.0,1.0,20.0,6.08,27.66,7
6.0,13.0,29.0,15.0,28.0,2.24,33.62,1
2.0,0.0,11.0,22.0,15.0,22.36,40.22,1
4.0,0.0,0.0,14.0,-2.0,14.14,43.6,6
3.0,0.0,13.0,2.0,35.0,22.09,40.85,1
0.0,0.0,0.0,0.0,18.0,18.0,42.52,6
1.0,0.0,22.0,2.0,46.0,24.08,59.41,6
3.0,2.0,38.0,22.0,39.0,20.02,51.74,6
0.0,0.0,0.0,1.0,39.0,39.01,43.83,5
3.0,0.0,14.0,5.0,20.0,7.81,21.19,1
0.0,0.0,0.0,0.0,22.0,22.0,53.01,6
1.0,0.0,16.0,0.0,38.0,22.0,46.04,7
3.0,0.0,39.0,11.0,41.0,11.18,52.8,6
1.0,24.0,0.0,26.0,18.0,18.11,42.8,1
0.0,0.0,0.0,0.0,18.0,18.0,29.68,6
1.0,1.0,27.0,9.0,24.0,8.54,30.41,5
4.0,0.0,0.0,26.0,1.0,26.02,39.7,6
3.0,0.0,7.0,0.0,26.0,19.0,39.05,1
2.0,18.0,14.0,18.0,7.0,7.0,28.43,5
2.0,11.0,16.0,11.0,8.0,8.0,27.31,5
3.0,0.0,7.0,2.0,15.0,8.25,40.0,1
4.0,14.0,12.0,0.0,21.0,16.64,25.24,1
4.0,0.0,0.0,16.0,-1.0,16.03,37.44,6
2.0,12.0,18.0,12.0,9.0,9.0,30.46,5
4.0,14.0,8.0,6.0,4.0,8.94,27.78,5
2.0,0.0,6.0,19.0,7.0,19.03,34.71,6
1.0,0.0,28.0,12.0,18.0,15.62,30.46,5
1.0,15.0,0.0,16.0,6.0,6.08,44.38,1
2.0,0.0,21.0,22.0,21.0,22.0,58.01,6
2.0,0.0,7.0,7.0,5.0,7.28,29.21,7
1.0,0.0,18.0,2.0,38.0,20.1,51.74,6
3.0,0.0,21.0,2.0,27.0,6.32,45.19,1
3.0,0.0,6.0,1.0,21.0,15.03,32.02,1
3.0,2.0,32.0,15.0,31.0,13.04,43.19,6
1.0,12.0,7.0,0.0,14.0,13.89,38.9,4
1.0,14.0,0.0,14.0,12.0,12.0,25.24,1
2.0,11.0,21.0,25.0,17.0,14.56,36.07,5
0.0,0.0,0.0,0.0,7.0,7.0,43.01,1
2.0,0.0,18.0,12.0,28.0,15.62,30.46,4
2.0,0.0,10.0,17.0,14.0,17.46,33.62,1
1.0,0.0,12.0,0.0,30.0,18.0,41.73,6
2.0,0.0,16.0,18.0,15.0,18.03,46.4,6
1.0,6.0,6.0,0.0,12.0,8.49,33.24,4
3.0,1.0,36.0,30.0,36.0,29.0,46.86,7
1.0,0.0,20.0,1.0,26.0,6.08,34.71,7
0.0,0.0,0.0,0.0,10.0,10.0,36.12,1
1.0,10.0,0.0,12.0,7.0,7.28,41.76,1
1.0,0.0,9.0,2.0,21.0,12.17,31.11,6
0.0,0.0,0.0,0.0,20.0,20.0,44.38,7
2.0,0.0,8.0,12.0,8.0,12.0,21.63,7
3.0,19.0,16.0,19.0,8.0,8.0,30.61,5
4.0,0.0,0.0,27.0,0.0,27.0,53.81,6
4.0,19.0,11.0,18.0,17.0,6.08,36.36,1
1.0,0.0,22.0,0.0,47.0,25.0,54.2,6
1.0,18.0,0.0,20.0,14.0,14.14,42.06,1
3.0,0.0,11.0,2.0,23.0,12.17,35.38,1
0.0,0.0,0.0,0.0,23.0,23.0,58.9,7
2.0,0.0,18.0,9.0,27.0,12.73,46.86,4
2.0,14.0,24.0,16.0,16.0,8.25,34.89,5
1.0,10.0,0.0,12.0,18.0,18.11,29.55,1
2.0,0.0,9.0,9.0,9.0,9.0,43.6,6
3.0,0.0,20.0,20.0,45.0,32.02,49.66,1
0.0,0.0,0.0,0.0,24.0,24.0,52.39,1
2.0,0.0,9.0,18.0,7.0,18.11,29.21,6
4.0,0.0,0.0,24.0,-1.0,24.02,35.38,6
0.0,35.0,0.0,13.0,6.0,22.8,50.21,4
0.0,0.0,0.0,0.0,15.0,15.0,42.52,6
4.0,0.0,0.0,31.0,2.0,31.06,53.01,6
0.0,0.0,0.0,0.0,17.0,17.0,38.08,1
5.0,0.0,33.0,1.0,33.0,1.0,47.17,1
3.0,2.0,23.0,18.0,23.0,16.0,29.21,7
5.0,14.0,4.0,0.0,0.0,14.56,27.2,5
3.0,0.0,25.0,1.0,46.0,21.02,48.38,1
1.0,0.0,24.0,10.0,18.0,11.66,32.56,5
2.0,0.0,25.0,16.0,6.0,24.84,44.38,1
4.0,0.0,0.0,27.0,-1.0,27.02,48.84,6
0.0,0.0,0.0,0.0,11.0,11.0,26.63,1
2.0,0.0,14.0,15.0,16.0,15.13,38.08,1
2.0,0.0,16.0,23.0,21.0,23.54,39.2,1
3.0,1.0,50.0,50.0,50.0,49.0,70.71,6
2.0,0.0,18.0,12.0,28.0,15.62,30.46,4
5.0,2.0,27.0,9.0,22.0,8.6,28.46,1
0.0,16.0,0.0,8.0,5.0,9.43,35.78,4
3.0,0.0,15.0,2.0,19.0,4.47,26.63,4
4.0,8.0,14.0,3.0,39.0,25.5,39.81,1
4.0,20.0,11.0,22.0,22.0,11.18,43.05,1
2.0,0.0,24.0,33.0,36.0,35.11,48.84,4
5.0,1.0,32.0,22.0,31.0,21.02,38.83,1
4.0,10.0,6.0,0.0,0.0,11.66,28.3,5
0.0,0.0,0.0,0.0,18.0,18.0,37.01,6
2.0,14.0,19.0,16.0,15.0,4.47,27.2,5
1.0,16.0,0.0,17.0,14.0,14.04,33.62,1
1.0,6.0,0.0,8.0,11.0,11.18,33.96,1
3.0,0.0,24.0,3.0,30.0,6.71,41.68,4
3.0,1.0,25.0,22.0,27.0,21.1,34.83,7
1.0,10.0,0.0,10.0,7.0,7.0,26.0,1
3.0,13.0,16.0,13.0,8.0,8.0,26.42,5
5.0,2.0,37.0,10.0,42.0,9.43,43.68,1
1.0,0.0,6.0,1.0,31.0,25.02,42.01,6
5.0,20.0,6.0,0.0,0.0,20.88,48.8,5
4.0,9.0,9.0,8.0,30.0,21.02,51.79,1
2.0,12.0,18.0,12.0,9.0,9.0,30.46,5
5.0,6.0,4.0,0.0,0.0,7.21,26.83,5
3.0,10.0,10.0,9.0,5.0,5.1,23.26,5
5.0,1.0,33.0,8.0,20.0,14.76,33.96,1
3.0,0.0,33.0,32.0,31.0,32.06,45.97,7
1.0,0.0,19.0,0.0,30.0,11.0,40.36,6
1.0,0.0,16.0,2.0,24.0,8.25,28.23,6
4.0,10.0,6.0,0.0,0.0,11.66,32.56,5
3.0,0.0,25.0,2.0,46.0,21.1,55.9,1
2.0,9.0,30.0,33.0,24.0,24.74,48.1,5
1.0,20.0,0.0,21.0,12.0,12.04,40.82,1
1.0,0.0,8.0,0.0,16.0,8.0,32.56,4
1.0,0.0,7.0,0.0,26.0,19.0,31.06,6
4.0,0.0,0.0,9.0,0.0,9.0,33.29,6
0.0,0.0,0.0,0.0,13.0,13.0,27.46,1
1.0,2.0,30.0,21.0,24.0,19.92,38.42,5
0.0,0.0,0.0,0.0,21.0,21.0,48.51,7
3.0,0.0,8.0,1.0,17.0,9.06,40.82,1
1.0,0.0,9.0,0.0,18.0,9.0,31.76,4
2.0,0.0,9.0,26.0,7.0,26.08,42.01,7
3.0,0.0,13.0,2.0,35.0,22.09,40.85,1
4.0,0.0,0.0,35.0,-2.0,35.06,51.66,6
0.0,0.0,0.0,0.0,21.0,21.0,58.9,7
0.0,0.0,0.0,0.0,20.0,20.0,43.05,1
0.0,25.0,0.0,11.0,8.0,16.12,40.61,4
1.0,6.0,0.0,6.0,7.0,7.0,25.0,1
3.0,0.0,13.0,0.0,21.0,8.0,25.24,1
4.0,12.0,17.0,14.0,38.0,21.1,40.5,1
2.0,0.0,20.0,20.0,11.0,21.93,43.05,1
2.0,0.0,14.0,24.0,13.0,24.02,46.65,7
0.0,18.0,0.0,2.0,6.0,17.09,40.25,4
3.0,0.0,17.0,6.0,26.0,10.82,29.53,1
2.0,0.0,20.0,27.0,22.0,27.07,45.8,6
3.0,0.0,13.0,2.0,29.0,16.12,30.08,1
0.0,0.0,0.0,0.0,24.0,24.0,27.29,5
0.0,0.0,0.0,0.0,38.0,38.0,49.04,5
3.0,2.0,32.0,27.0,31.0,25.02,41.87,6
3.0,1.0,32.0,7.0,34.0,6.32,36.77,7
3.0,0.0,7.0,2.0,15.0,8.25,40.0,1
1.0,2.0,6.0,0.0,12.0,6.32,26.83,4
0.0,0.0,0.0,0.0,11.0,11.0,40.46,1
4.0,25.0,8.0,11.0,4.0,14.56,36.07,5
2.0,0.0,19.0,25.0,20.0,25.02,49.74,1
1.0,13.0,0.0,15.0,12.0,12.17,40.85,1
3.0,2.0,27.0,18.0,36.0,18.36,40.25,4
3.0,2.0,40.0,29.0,41.0,27.02,50.22,6
1.0,1.0,38.0,29.0,26.0,30.46,47.8,5
3.0,0.0,30.0,26.0,29.0,26.02,39.7,6
3.0,2.0,21.0,14.0,28.0,13.89,31.3,4
4.0,9.0,30.0,18.0,36.0,10.82,40.25,4
6.0,14.0,43.0,16.0,33.0,10.2,46.62,1
2.0,0.0,17.0,16.0,17.0,16.0,39.2,6
1.0,8.0,0.0,8.0,10.0,10.0,35.9,1
5.0,8.0,4.0,0.0,0.0,8.94,30.61,5
0.0,0.0,0.0,0.0,8.0,8.0,29.07,7
0.0,0.0,0.0,0.0,30.0,30.0,33.54,5
6.0,2.0,24.0,7.0,24.0,5.0,25.0,1
0.0,0.0,0.0,0.0,21.0,21.0,47.07,1
1.0,1.0,21.0,9.0,15.0,10.0,23.26,5
5.0,1.0,35.0,14.0,43.0,15.26,46.62,1
0.0,0.0,0.0,0.0,19.0,19.0,38.95,1
0.0,0.0,0.0,0.0,14.0,14.0,26.63,6
5.0,2.0,29.0,12.0,30.0,10.05,33.11,1
5.0,2.0,31.0,21.0,49.0,26.17,53.31,1
2.0,0.0,24.0,25.0,17.0,25.96,49.74,1
2.0,0.0,11.0,24.0,12.0,24.02,35.38,1
3.0,0.0,31.0,18.0,32.0,18.03,36.72,7
2.0,0.0,17.0,24.0,20.0,24.19,44.94,1
0.0,0.0,0.0,0.0,19.0,19.0,42.54,1
0.0,0.0,0.0,1.0,36.0,36.01,50.21,5
3.0,0.0,19.0,0.0,40.0,21.0,49.74,1
0.0,18.0,0.0,7.0,6.0,12.53,40.25,4
2.0,0.0,8.0,11.0,6.0,11.18,32.8,7
4.0,26.0,18.0,26.0,30.0,12.0,42.8,1
4.0,21.0,12.0,21.0,35.0,23.0,40.82,1
0.0,0.0,0.0,0.0,11.0,11.0,28.46,1
6.0,3.0,35.0,15.0,24.0,16.28,38.08,1
3.0,0.0,18.0,7.0,31.0,14.76,32.89,1
1.0,17.0,0.0,18.0,14.0,14.04,46.62,1
1.0,1.0,21.0,9.0,15.0,10.0,23.26,5
3.0,22.0,9.0,0.0,0.0,23.77,34.83,5
1.0,0.0,7.0,0.0,14.0,7.0,27.59,4
2.0,0.0,21.0,15.0,24.0,15.3,35.34,1
0.0,0.0,0.0,0.0,14.0,14.0,38.08,1
4.0,8.0,26.0,16.0,32.0,10.0,35.78,4
1.0,15.0,7.0,0.0,14.0,16.55,38.9,4
3.0,0.0,17.0,1.0,38.0,21.02,44.94,1
2.0,0.0,15.0,12.0,17.0,12.17,53.76,6
2.0,0.0,7.0,18.0,11.0,18.44,34.99,1
5.0,1.0,34.0,6.0,40.0,7.81,41.76,1
4.0,8.0,11.0,8.0,29.0,18.0,35.9,1
3.0,0.0,37.0,24.0,37.0,24.0,44.1,6
3.0,23.0,9.0,0.0,0.0,24.7,34.71,5
1.0,22.0,0.0,24.0,23.0,23.09,44.94,1
1.0,12.0,0.0,12.0,8.0,8.0,33.24,1
0.0,0.0,0.0,0.0,25.0,25.0,45.65,7
0.0,0.0,0.0,2.0,39.0,39.05,44.29,5
4.0,1.0,31.0,19.0,38.0,19.31,42.49,4
0.0,19.0,0.0,1.0,6.0,18.97,42.49,4
1.0,0.0,9.0,1.0,16.0,7.07,17.89,7
3.0,1.0,31.0,7.0,30.0,6.08,38.01,7
1.0,14.0,0.0,14.0,11.0,11.0,33.11,1
3.0,2.0,33.0,33.0,32.0,31.02,46.67,7
1.0,2.0,25.0,11.0,16.0,12.73,27.31,5
2.0,0.0,10.0,0.0,19.0,9.0,32.25,4
3.0,0.0,7.0,1.0,24.0,17.03,25.0,1
2.0,0.0,18.0,12.0,28.0,15.62,30.46,4
4.0,0.0,0.0,8.0,-2.0,8.25,28.6,6
2.0,0.0,14.0,18.0,13.0,18.03,27.66,7
1.0,23.0,0.0,25.0,20.0,20.1,49.74,1
1.0,0.0,9.0,0.0,31.0,22.0,42.01,7
3.0,35.0,24.0,35.0,12.0,12.0,50.21,5
1.0,17.0,0.0,18.0,12.0,12.04,36.72,1
4.0,21.0,14.0,20.0,45.0,31.02,49.66,1
4.0,0.0,0.0,11.0,2.0,11.18,46.53,6
1.0,2.0,9.0,0.0,18.0,9.22,40.25,4
4.0,22.0,14.0,24.0,21.0,7.28,35.38,1
4.0,10.0,16.0,12.0,24.0,8.25,43.68,1
1.0,7.0,0.0,7.0,7.0,7.0,37.66,1
0.0,0.0,0.0,0.0,17.0,17.0,38.08,1
4.0,0.0,0.0,9.0,0.0,9.0,70.71,6
4.0,22.0,11.0,24.0,32.0,21.1,40.0,1
3.0,0.0,11.0,1.0,29.0,18.03,40.22,1
2.0,17.0,30.0,20.0,20.0,10.44,43.83,5
2.0,10.0,18.0,11.0,11.0,7.07,24.6,5
0.0,0.0,0.0,0.0,8.0,8.0,40.82,1
1.0,6.0,0.0,8.0,11.0,11.18,35.9,1
3.0,0.0,12.0,2.0,29.0,17.12,33.11,1
1.0,21.0,0.0,22.0,11.0,11.05,40.0,1
2.0,0.0,22.0,15.0,22.0,15.0,35.81,7
4.0,0.0,0.0,24.0,-2.0,24.08,36.88,6
4.0,10.0,21.0,8.0,46.0,25.08,47.07,1
0.0,23.0,0.0,6.0,6.0,18.03,33.24,4
1.0,14.0,0.0,14.0,12.0,12.0,25.24,1
4.0,18.0,12.0,14.0,32.0,20.4,36.72,1
3.0,0.0,18.0,8.0,18.0,8.0,23.85,6
1.0,15.0,0.0,15.0,14.0,14.0,26.63,1
2.0,0.0,12.0,7.0,7.0,8.6,37.66,1
4.0,21.0,10.0,21.0,30.0,20.0,36.62,1
1.0,7.0,6.0,0.0,12.0,9.22,40.25,4
0.0,0.0,0.0,0.0,11.0,11.0,51.66,6
4.0,0.0,0.0,12.0,1.0,12.04,29.68,6
3.0,0.0,8.0,2.0,27.0,19.1,35.9,1
4.0,9.0,30.0,18.0,36.0,10.82,40.25,4
2.0,0.0,6.0,20.0,10.0,20.4,32.02,1
2.0,0.0,21.0,21.0,25.0,21.38,53.31,1
1.0,0.0,30.0,18.0,25.0,18.68,36.62,5
3.0,0.0,13.0,1.0,34.0,21.02,41.76,1
0.0,15.0,0.0,0.0,7.0,16.55,25.0,4
0.0,0.0,0.0,0.0,10.0,10.0,21.93,6
0.0,0.0,0.0,0.0,19.0,19.0,39.36,7
1.0,0.0,9.0,0.0,18.0,9.0,30.46,4
4.0,0.0,0.0,25.0,-1.0,25.02,39.7,6
4.0,15.0,26.0,30.0,32.0,16.16,43.86,4
4.0,0.0,0.0,18.0,2.0,18.11,31.11,6
0.0,0.0,0.0,0.0,14.0,14.0,39.81,1
0.0,0.0,0.0,1.0,39.0,39.01,43.83,5
4.0,19.0,11.0,17.0,30.0,19.1,41.59,1
3.0,1.0,43.0,30.0,42.0,29.02,53.01,6
2.0,17.0,30.0,20.0,20.0,10.44,43.83,5
1.0,14.0,5.0,0.0,10.0,14.87,35.0,4
1.0,2.0,34.0,14.0,24.0,15.62,38.01,5
4.0,10.0,13.0,10.0,32.0,19.0,33.53,1
4.0,11.0,12.0,7.0,31.0,19.42,32.89,1
2.0,0.0,10.0,0.0,20.0,10.0,33.54,4
4.0,12.0,30.0,22.0,36.0,11.66,42.19,4
5.0,11.0,5.0,0.0,0.0,12.08,36.67,5
5.0,2.0,27.0,19.0,41.0,22.02,45.19,1
4.0,15.0,10.0,3.0,23.0,17.69,27.46,1
1.0,2.0,34.0,14.0,24.0,15.62,38.01,5
1.0,0.0,9.0,0.0,18.0,9.0,30.46,4
3.0,9.0,27.0,30.0,36.0,22.85,46.86,4
1.0,8.0,0.0,10.0,15.0,15.13,32.57,1
0.0,0.0,0.0,0.0,14.0,14.0,33.24,1
2.0,0.0,14.0,8.0,18.0,8.94,33.24,1
0.0,14.0,0.0,2.0,7.0,13.89,31.3,4
1.0,0.0,7.0,0.0,20.0,13.0,23.41,7
2.0,0.0,22.0,20.0,14.0,21.54,42.06,1
3.0,0.0,36.0,24.0,37.0,24.02,45.8,6
3.0,0.0,25.0,5.0,31.0,7.81,42.49,4
1.0,19.0,0.0,21.0,14.0,14.14,49.66,1
1.0,0.0,20.0,9.0,14.0,10.82,21.93,5
2.0,0.0,16.0,11.0,16.0,11.0,28.23,6
2.0,13.0,20.0,23.0,16.0,10.77,33.97,5
5.0,2.0,23.0,13.0,29.0,12.53,33.62,1
2.0,0.0,10.0,27.0,13.0,27.17,36.12,1
0.0,0.0,0.0,0.0,28.0,28.0,30.46,5
2.0,0.0,11.0,11.0,10.0,11.05,48.17,6
1.0,0.0,21.0,2.0,45.0,24.08,58.9,7
1.0,8.0,0.0,10.0,11.0,11.18,55.9,1
5.0,1.0,34.0,19.0,41.0,19.31,45.19,1
1.0,13.0,0.0,15.0,12.0,12.17,40.85,1
1.0,0.0,8.0,0.0,16.0,8.0,29.41,4
1.0,19.0,0.0,21.0,14.0,14.14,49.66,1
0.0,0.0,0.0,0.0,20.0,20.0,46.1,1
1.0,2.0,7.0,0.0,14.0,7.28,31.3,4
3.0,21.0,20.0,21.0,10.0,10.0,36.62,5
2.0,0.0,22.0,14.0,32.0,17.2,34.93,4
1.0,0.0,24.0,6.0,20.0,7.21,26.83,5
2.0,29.0,26.0,29.0,13.0,13.0,47.8,5
2.0,9.0,20.0,12.0,16.0,5.0,26.83,5
2.0,0.0,11.0,22.0,14.0,22.2,35.38,1
0.0,0.0,0.0,0.0,25.0,25.0,60.88,6
3.0,5.0,24.0,19.0,32.0,16.12,37.22,4
3.0,1.0,39.0,18.0,38.0,17.03,48.01,7
1.0,0.0,13.0,1.0,38.0,25.02,50.33,6
1.0,0.0,22.0,1.0,43.0,21.02,53.01,6
2.0,0.0,24.0,24.0,25.0,24.02,40.0,6
2.0,0.0,20.0,9.0,21.0,9.06,35.47,7
2.0,0.0,17.0,25.0,10.0,25.96,53.34,1
0.0,0.0,0.0,0.0,12.0,12.0,36.72,1
2.0,0.0,7.0,7.0,7.0,7.0,27.2,7
1.0,0.0,8.0,2.0,25.0,17.12,32.8,7
3.0,16.0,21.0,16.0,10.0,11.0,35.78,5
4.0,8.0,14.0,3.0,39.0,25.5,39.81,1
1.0,0.0,23.0,2.0,44.0,21.1,56.85,7
1.0,4.0,7.0,0.0,14.0,8.06,32.25,4
1.0,0.0,33.0,11.0,26.0,13.04,36.67,5
4.0,21.0,26.0,19.0,40.0,14.14,52.39,1
2.0,0.0,10.0,17.0,12.0,17.12,28.6,6
2.0,0.0,13.0,15.0,10.0,15.3,27.46,1
1.0,21.0,0.0,22.0,11.0,11.05,40.0,1
2.0,0.0,24.0,16.0,36.0,20.0,39.4,4
3.0,2.0,42.0,22.0,42.0,20.0,48.37,7
3.0,0.0,19.0,2.0,37.0,18.11,38.83,1
2.0,0.0,22.0,22.0,32.0,24.17,38.83,4
3.0,0.0,20.0,8.0,42.0,23.41,46.1,1
3.0,2.0,12.0,11.0,14.0,9.22,17.8,6
3.0,0.0,17.0,5.0,37.0,20.62,38.08,1
4.0,0.0,0.0,25.0,-2.0,25.08,47.71,6
4.0,19.0,18.0,19.0,34.0,16.0,38.95,1
3.0,0.0,8.0,2.0,27.0,19.1,35.9,1
1.0,16.0,0.0,18.0,11.0,11.18,34.99,1
0.0,0.0,0.0,0.0,25.0,25.0,41.34,7
3.0,0.0,36.0,6.0,36.0,6.0,47.01,6
4.0,9.0,5.0,0.0,0.0,10.3,22.36,5
2.0,16.0,24.0,16.0,12.0,12.0,38.48,5
1.0,0.0,11.0,0.0,22.0,11.0,38.83,4
0.0,0.0,0.0,0.0,25.0,25.0,60.83,6
3.0,5.0,24.0,22.0,32.0,18.79,38.83,4
0.0,0.0,0.0,1.0,22.0,22.02,28.43,5
3.0,0.0,28.0,20.0,26.0,20.1,37.8,6
1.0,2.0,4.0,0.0,8.0,4.47,28.3,4
0.0,0.0,0.0,0.0,12.0,12.0,37.66,1
2.0,0.0,8.0,0.0,15.0,7.0,29.73,4
3.0,2.0,32.0,20.0,33.0,18.03,45.28,6
2.0,0.0,18.0,12.0,18.0,12.0,29.55,1
3.0,0.0,24.0,13.0,30.0,14.32,50.21,4
0.0,0.0,0.0,1.0,27.0,27.02,30.41,5
0.0,0.0,0.0,0.0,14.0,14.0,34.21,1
1.0,7.0,5.0,0.0,10.0,8.6,31.3,4
1.0,9.0,0.0,9.0,17.0,17.0,38.08,1
1.0,23.0,0.0,23.0,14.0,14.0,32.53,1
2.0,12.0,21.0,15.0,14.0,7.62,30.89,5
2.0,0.0,19.0,18.0,14.0,18.68,46.62,1
0.0,16.0,0.0,2.0,8.0,16.12,35.78,4
2.0,0.0,22.0,22.0,15.0,23.09,56.46,1
3.0,0.0,21.0,5.0,26.0,7.07,37.74,4
6.0,20.0,35.0,25.0,29.0,7.81,43.01,1
2.0,17.0,30.0,20.0,20.0,10.44,43.83,5
3.0,0.0,10.0,1.0,24.0,14.04,36.36,1
2.0,0.0,19.0,19.0,19.0,19.0,39.82,7
2.0,0.0,8.0,18.0,8.0,18.0,27.66,7
2.0,0.0,22.0,23.0,12.0,25.08,52.33,1
1.0,0.0,15.0,2.0,36.0,21.1,53.76,6
2.0,0.0,12.0,7.0,7.0,8.6,37.66,1
1.0,0.0,13.0,2.0,21.0,8.25,29.83,6
0.0,0.0,0.0,0.0,17.0,17.0,29.53,1
1.0,0.0,8.0,1.0,17.0,9.06,22.8,7
2.0,0.0,8.0,19.0,6.0,19.1,29.07,7
5.0,2.0,29.0,4.0,37.0,8.25,42.06,1
1.0,0.0,6.0,2.0,24.0,18.11,34.06,6
0.0,0.0,0.0,0.0,17.0,17.0,44.94,1
3.0,0.0,19.0,7.0,24.0,8.6,31.3,4
2.0,0.0,17.0,26.0,18.0,26.02,43.6,6
4.0,0.0,0.0,7.0,0.0,7.0,41.87,6
4.0,20.0,14.0,19.0,31.0,17.03,42.06,1
0.0,0.0,0.0,0.0,8.0,8.0,27.8,7
6.0,12.0,50.0,20.0,40.0,12.81,53.85,1
3.0,0.0,12.0,8.0,27.0,17.0,30.41,1
2.0,0.0,24.0,16.0,36.0,20.0,39.4,4
2.0,0.0,14.0,6.0,21.0,9.22,36.88,4
2.0,0.0,12.0,26.0,14.0,26.08,39.7,6
3.0,2.0,27.0,18.0,36.0,18.36,40.25,4
0.0,0.0,0.0,2.0,27.0,27.07,36.8,5
0.0,0.0,0.0,0.0,28.0,28.0,31.3,5
2.0,0.0,10.0,24.0,14.0,24.33,45.79,1
3.0,0.0,37.0,8.0,39.0,8.25,46.07,6
4.0,12.0,7.0,0.0,0.0,13.89,32.2,5
4.0,22.0,15.0,23.0,33.0,18.03,40.22,1
0.0,0.0,0.0,0.0,39.0,39.0,43.83,5
4.0,16.0,10.0,14.0,5.0,5.39,35.78,5
1.0,15.0,0.0,15.0,24.0,24.0,35.34,1
0.0,0.0,0.0,0.0,20.0,20.0,27.59,5
0.0,0.0,0.0,1.0,22.0,22.02,27.2,5
0.0,0.0,0.0,0.0,11.0,11.0,26.57,7
1.0,20.0,0.0,22.0,14.0,14.14,35.38,1
3.0,0.0,17.0,1.0,28.0,11.05,38.08,1
5.0,2.0,43.0,24.0,13.0,37.2,49.24,1
3.0,33.0,24.0,33.0,12.0,12.0,48.1,5
1.0,1.0,24.0,10.0,16.0,12.04,26.0,5
0.0,0.0,0.0,0.0,20.0,20.0,37.8,6
3.0,1.0,27.0,23.0,27.0,22.0,35.47,6
2.0,0.0,9.0,6.0,11.0,6.32,17.89,7
1.0,9.0,6.0,0.0,12.0,10.82,40.25,4
0.0,0.0,0.0,0.0,7.0,7.0,34.99,1
5.0,1.0,34.0,19.0,41.0,19.31,45.19,1
0.0,0.0,0.0,0.0,18.0,18.0,59.41,7
2.0,0.0,18.0,2.0,27.0,9.22,40.25,4
0.0,0.0,0.0,2.0,25.0,25.08,33.97,5
0.0,0.0,0.0,0.0,22.0,22.0,60.84,1
1.0,9.0,6.0,0.0,12.0,10.82,40.25,4
2.0,0.0,14.0,7.0,12.0,7.28,21.19,1
1.0,19.0,0.0,20.0,15.0,15.03,53.85,1
0.0,0.0,0.0,0.0,6.0,6.0,32.02,1
6.0,4.0,37.0,19.0,31.0,16.16,42.06,1
2.0,10.0,18.0,13.0,13.0,5.83,29.07,5
2.0,0.0,22.0,9.0,9.0,15.81,51.79,1
0.0,18.0,0.0,2.0,9.0,18.36,40.25,4
4.0,15.0,17.0,15.0,24.0,7.0,38.08,1
2.0,0.0,16.0,22.0,16.0,22.0,46.53,6
4.0,27.0,13.0,27.0,24.0,11.0,36.12,1
6.0,21.0,46.0,27.0,18.0,28.64,53.34,1
2.0,0.0,12.0,11.0,10.0,11.18,23.85,6
1.0,0.0,17.0,1.0,29.0,12.04,40.31,7
3.0,0.0,21.0,15.0,26.0,15.81,43.86,4
2.0,0.0,7.0,25.0,12.0,25.5,43.01,1
5.0,2.0,34.0,9.0,43.0,11.4,49.74,1
4.0,12.0,7.0,12.0,21.0,14.0,41.76,1
0.0,16.0,0.0,9.0,5.0,8.6,32.25,4
0.0,22.0,0.0,12.0,6.0,11.66,42.19,4
2.0,0.0,18.0,2.0,27.0,9.22,40.25,4
2.0,0.0,11.0,26.0,11.0,26.0,40.46,1
5.0,0.0,26.0,14.0,30.0,14.56,39.05,1
0.0,0.0,0.0,0.0,25.0,25.0,55.9,1
2.0,0.0,21.0,21.0,25.0,21.38,53.31,1
4.0,19.0,11.0,20.0,17.0,6.08,26.25,1
0.0,0.0,0.0,0.0,8.0,8.0,27.66,7
3.0,0.0,10.0,1.0,22.0,12.04,30.87,1
3.0,12.0,9.0,0.0,0.0,15.0,30.46,5
0.0,0.0,0.0,0.0,8.0,8.0,32.8,7
4.0,0.0,0.0,31.0,1.0,31.02,45.28,6
0.0,0.0,0.0,0.0,22.0,22.0,51.79,1
1.0,0.0,14.0,0.0,29.0,15.0,38.29,6
2.0,0.0,25.0,22.0,6.0,29.07,49.24,1
5.0,1.0,48.0,21.0,40.0,21.54,52.39,1
2.0,17.0,30.0,18.0,24.0,6.08,40.25,5
0.0,0.0,0.0,0.0,7.0,7.0,38.83,1
3.0,0.0,24.0,6.0,31.0,9.22,33.24,1
0.0,0.0,0.0,0.0,6.0,6.0,36.72,7
2.0,0.0,12.0,2.0,18.0,6.32,26.83,4
2.0,0.0,18.0,21.0,28.0,23.26,35.0,4
2.0,0.0,14.0,12.0,21.0,13.89,38.9,4
0.0,0.0,0.0,0.0,23.0,23.0,44.55,7
3.0,0.0,12.0,1.0,35.0,23.02,37.66,1
0.0,0.0,0.0,0.0,13.0,13.0,40.85,1
0.0,0.0,0.0,0.0,17.0,17.0,39.7,6
5.0,2.0,46.0,13.0,55.0,14.21,60.84,1
2.0,12.0,18.0,12.0,9.0,9.0,30.46,5
1.0,0.0,19.0,1.0,33.0,14.04,39.82,7
0.0,0.0,0.0,0.0,9.0,9.0,19.85,7
2.0,0.0,14.0,8.0,14.0,8.0,39.81,1
2.0,7.0,24.0,14.0,19.0,8.6,31.3,5
4.0,0.0,0.0,27.0,2.0,27.07,40.36,6
2.0,0.0,7.0,11.0,7.0,11.0,17.8,6
3.0,0.0,35.0,28.0,37.0,28.07,50.25,7
2.0,0.0,8.0,0.0,16.0,8.0,26.83,4
0.0,0.0,0.0,0.0,13.0,13.0,35.0,7
2.0,0.0,9.0,21.0,9.0,21.0,37.44,6
0.0,0.0,0.0,0.0,19.0,19.0,37.66,1
1.0,6.0,0.0,7.0,22.0,22.02,41.59,1
1.0,18.0,0.0,20.0,16.0,16.12,52.39,1
4.0,22.0,12.0,15.0,6.0,9.22,40.5,5
1.0,22.0,0.0,22.0,7.0,7.0,38.83,1
0.0,0.0,0.0,0.0,19.0,19.0,53.85,1
1.0,21.0,0.0,23.0,21.0,21.1,39.2,1
2.0,0.0,10.0,8.0,10.0,8.0,30.46,7
0.0,0.0,0.0,0.0,9.0,9.0,37.44,6
3.0,0.0,19.0,2.0,24.0,5.39,31.3,4
6.0,4.0,55.0,10.0,32.0,23.77,55.9,1
2.0,0.0,18.0,13.0,12.0,14.32,43.01,1
3.0,0.0,18.0,2.0,38.0,20.1,44.64,1
1.0,0.0,8.0,0.0,16.0,8.0,29.41,4
3.0,0.0,42.0,7.0,41.0,7.07,46.52,6
3.0,2.0,24.0,12.0,25.0,10.05,29.55,6
1.0,18.0,0.0,20.0,16.0,16.12,52.39,1
4.0,0.0,0.0,23.0,-2.0,23.09,37.8,6
4.0,25.0,18.0,25.0,40.0,22.0,47.17,1
2.0,0.0,16.0,5.0,24.0,9.43,38.83,4
5.0,1.0,21.0,18.0,25.0,17.46,32.02,1
5.0,14.0,5.0,0.0,0.0,14.87,35.78,5
6.0,17.0,29.0,17.0,30.0,1.0,34.99,1
1.0,0.0,30.0,14.0,24.0,15.23,33.54,5
0.0,0.0,0.0,0.0,24.0,24.0,52.39,1
2.0,0.0,8.0,21.0,12.0,21.38,40.82,1
3.0,0.0,24.0,12.0,30.0,13.42,42.19,4
0.0,0.0,0.0,0.0,13.0,13.0,30.08,1
1.0,0.0,26.0,11.0,21.0,12.08,36.07,5
4.0,14.0,17.0,15.0,38.0,21.02,40.85,1
4.0,7.0,25.0,15.0,30.0,9.43,33.54,4
1.0,0.0,7.0,1.0,26.0,19.03,30.41,7
1.0,2.0,4.0,0.0,8.0,4.47,26.63,4
3.0,0.0,33.0,19.0,35.0,19.1,43.6,6
3.0,0.0,24.0,10.0,25.0,10.05,32.65,6
3.0,2.0,35.0,29.0,34.0,27.02,46.23,6
0.0,0.0,0.0,0.0,13.0,13.0,27.46,1
3.0,0.0,19.0,14.0,24.0,14.87,35.0,4
1.0,2.0,7.0,0.0,14.0,7.28,31.3,4
3.0,16.0,21.0,16.0,10.0,11.0,36.67,5
2.0,0.0,11.0,19.0,13.0,19.1,32.2,1
0.0,0.0,0.0,0.0,7.0,7.0,39.05,1
4.0,0.0,0.0,6.0,-2.0,6.32,35.61,6
3.0,6.0,18.0,23.0,24.0,18.03,33.24,4
3.0,22.0,12.0,17.0,6.0,7.81,33.3,5
2.0,17.0,30.0,19.0,19.0,11.18,42.49,5
5.0,2.0,35.0,15.0,38.0,13.34,40.85,1
1.0,0.0,18.0,0.0,35.0,17.0,48.84,6
1.0,0.0,14.0,1.0,35.0,21.02,44.1,7
4.0,14.0,8.0,0.0,0.0,16.12,38.01,5
0.0,0.0,0.0,0.0,20.0,20.0,40.85,1
1.0,0.0,21.0,2.0,46.0,25.08,48.51,7
0.0,0.0,0.0,0.0,18.0,18.0,43.68,1
0.0,0.0,0.0,0.0,17.0,17.0,43.6,6
1.0,9.0,0.0,11.0,18.0,18.11,25.5,1
0.0,13.0,0.0,3.0,6.0,11.66,27.29,4
2.0,0.0,7.0,24.0,10.0,24.19,39.05,1
3.0,0.0,10.0,0.0,20.0,10.0,36.12,1
2.0,14.0,24.0,15.0,15.0,9.06,33.54,5
1.0,1.0,24.0,8.0,20.0,8.06,30.61,5
0.0,0.0,0.0,0.0,33.0,33.0,36.67,5
2.0,0.0,7.0,19.0,11.0,19.42,26.25,1
3.0,0.0,11.0,1.0,18.0,7.07,32.2,1
2.0,0.0,20.0,24.0,18.0,24.08,41.62,6
5.0,2.0,45.0,14.0,52.0,13.89,56.46,1
1.0,0.0,21.0,1.0,45.0,24.02,58.01,6
2.0,0.0,10.0,0.0,19.0,9.0,31.3,4
3.0,0.0,7.0,2.0,31.0,24.08,43.01,1
3.0,1.0,17.0,14.0,18.0,13.04,22.8,7
2.0,0.0,18.0,29.0,17.0,29.02,47.8,7
6.0,1.0,33.0,25.0,40.0,25.0,47.17,1
3.0,1.0,38.0,23.0,40.0,22.09,46.65,7
2.0,0.0,12.0,0.0,24.0,12.0,40.25,4
0.0,14.0,0.0,7.0,5.0,8.6,31.3,4
2.0,0.0,8.0,7.0,8.0,7.0,23.77,7
0.0,0.0,0.0,0.0,7.0,7.0,40.0,1
3.0,0.0,16.0,2.0,20.0,4.47,28.3,4
3.0,15.0,7.0,0.0,0.0,16.55,26.63,5
5.0,2.0,37.0,21.0,46.0,21.02,53.34,1
1.0,0.0,24.0,1.0,32.0,8.06,40.0,6
2.0,9.0,20.0,13.0,16.0,5.66,27.29,5
0.0,0.0,0.0,0.0,18.0,18.0,47.8,7
4.0,0.0,0.0,24.0,0.0,24.0,46.69,6
3.0,0.0,35.0,9.0,35.0,9.0,48.1,7
1.0,0.0,24.0,1.0,35.0,11.05,35.69,7
4.0,26.0,18.0,26.0,30.0,12.0,42.8,1
0.0,0.0,0.0,2.0,24.0,24.08,26.83,5
3.0,0.0,19.0,1.0,27.0,8.06,38.95,1
2.0,6.0,20.0,12.0,16.0,7.21,26.83,5
0.0,0.0,0.0,1.0,29.0,29.02,32.2,5
3.0,0.0,35.0,33.0,33.0,33.06,48.84,6
0.0,0.0,0.0,0.0,21.0,21.0,47.07,1
1.0,8.0,0.0,9.0,9.0,9.06,28.46,1
6.0,2.0,24.0,7.0,24.0,5.0,25.0,1
5.0,0.0,31.0,5.0,37.0,7.81,37.66,1
3.0,25.0,17.0,25.0,8.0,9.0,36.07,5
3.0,2.0,45.0,38.0,45.0,36.0,58.9,7
1.0,11.0,0.0,13.0,12.0,12.17,43.01,1
0.0,0.0,0.0,0.0,18.0,18.0,44.65,6
2.0,0.0,13.0,14.0,17.0,14.56,40.85,1
3.0,0.0,22.0,2.0,45.0,23.09,56.46,1
3.0,0.0,40.0,12.0,40.0,12.0,53.81,6
2.0,15.0,29.0,22.0,23.0,9.22,40.5,5
0.0,0.0,0.0,0.0,13.0,13.0,41.76,1
0.0,0.0,0.0,0.0,12.0,12.0,33.11,1
1.0,0.0,27.0,22.0,18.0,23.77,34.83,5
1.0,0.0,20.0,5.0,16.0,6.4,27.59,5
1.0,10.0,0.0,12.0,6.0,6.32,26.83,1
1.0,0.0,18.0,0.0,24.0,6.0,35.61,6
1.0,25.0,0.0,26.0,11.0,11.05,40.46,1
2.0,0.0,16.0,2.0,24.0,8.25,35.78,4
0.0,0.0,0.0,0.0,6.0,6.0,36.88,6
3.0,0.0,31.0,17.0,31.0,17.0,41.77,7
1.0,2.0,9.0,0.0,18.0,9.22,40.25,4
3.0,0.0,14.0,3.0,39.0,25.18,39.81,1
3.0,17.0,7.0,0.0,0.0,18.38,26.25,5
1.0,0.0,8.0,0.0,22.0,14.0,29.07,7
1.0,2.0,33.0,17.0,22.0,18.6,37.12,5
2.0,0.0,10.0,0.0,19.0,9.0,35.0,4
0.0,0.0,0.0,0.0,10.0,10.0,30.87,1
0.0,0.0,0.0,2.0,36.0,36.06,40.25,5
2.0,0.0,10.0,19.0,8.0,19.1,37.22,1
0.0,16.0,0.0,0.0,9.0,18.36,32.25,4
0.0,0.0,0.0,0.0,7.0,7.0,40.0,1
5.0,0.0,26.0,24.0,21.0,24.52,35.38,1
3.0,0.0,29.0,25.0,29.0,25.0,38.29,6
0.0,0.0,0.0,0.0,14.0,14.0,39.81,1
2.0,0.0,18.0,12.0,28.0,15.62,30.46,4
0.0,0.0,0.0,0.0,20.0,20.0,52.2,7
4.0,6.0,13.0,2.0,30.0,17.46,30.59,1
1.0,1.0,34.0,22.0,24.0,23.26,41.05,5
2.0,0.0,7.0,8.0,9.0,8.25,18.79,7
2.0,0.0,17.0,26.0,18.0,26.02,42.8,1
3.0,2.0,36.0,37.0,38.0,35.06,53.76,6
4.0,24.0,12.0,24.0,26.0,14.0,35.38,1
2.0,0.0,10.0,25.0,10.0,25.0,42.2,6
4.0,8.0,15.0,2.0,29.0,15.23,30.08,1
4.0,8.0,26.0,16.0,32.0,10.0,35.78,4
4.0,0.0,0.0,19.0,0.0,19.0,38.83,6
2.0,0.0,16.0,22.0,24.0,23.41,32.56,4
4.0,7.0,7.0,5.0,30.0,23.09,37.66,1
0.0,18.0,0.0,2.0,9.0,18.36,40.25,4
0.0,0.0,0.0,0.0,6.0,6.0,35.38,6
2.0,16.0,27.0,31.0,18.0,17.49,46.75,5
2.0,20.0,24.0,25.0,15.0,10.3,39.05,5
2.0,0.0,20.0,21.0,14.0,21.84,49.66,1
2.0,0.0,6.0,21.0,10.0,21.38,36.62,1
1.0,18.0,0.0,19.0,11.0,11.05,41.59,1
1.0,0.0,9.0,0.0,18.0,9.0,30.46,4
0.0,0.0,0.0,0.0,18.0,18.0,35.61,6
2.0,0.0,22.0,21.0,20.0,21.1,54.2,6
3.0,0.0,28.0,20.0,28.0,20.0,35.0,6
2.0,0.0,24.0,16.0,36.0,20.0,39.4,4
4.0,2.0,19.0,15.0,22.0,13.34,26.63,4
2.0,0.0,12.0,0.0,24.0,12.0,50.21,4
2.0,0.0,12.0,0.0,24.0,12.0,42.19,4
1.0,19.0,0.0,20.0,15.0,15.03,53.85,1
2.0,0.0,8.0,8.0,8.0,8.0,22.8,7
0.0,0.0,0.0,0.0,18.0,18.0,43.01,1
0.0,16.0,0.0,0.0,12.0,20.0,39.4,4
3.0,17.0,17.0,14.0,8.0,9.49,38.01,5
4.0,24.0,14.0,23.0,39.0,25.02,45.79,1
0.0,0.0,0.0,0.0,18.0,18.0,44.64,1
2.0,0.0,6.0,7.0,8.0,7.28,18.87,7
5.0,12.0,6.0,0.0,0.0,13.42,41.15,5
0.0,0.0,0.0,0.0,19.0,19.0,53.85,1
0.0,0.0,0.0,0.0,12.0,12.0,40.5,1
2.0,0.0,14.0,19.0,14.0,19.0,30.61,7
1.0,0.0,23.0,2.0,41.0,18.11,51.4,7
2.0,0.0,19.0,22.0,19.0,22.0,38.01,7
0.0,30.0,0.0,9.0,9.0,22.85,46.86,4
2.0,0.0,25.0,32.0,27.0,32.06,48.17,7
5.0,2.0,45.0,14.0,52.0,13.89,56.46,1
3.0,0.0,20.0,11.0,19.0,11.05,24.41,7
1.0,2.0,27.0,12.0,21.0,11.66,30.89,5
2.0,0.0,16.0,7.0,15.0,7.07,46.04,7
1.0,0.0,38.0,25.0,30.0,26.25,49.04,5
2.0,0.0,6.0,19.0,7.0,19.03,36.88,6
2.0,0.0,21.0,30.0,23.0,30.07,58.9,7
1.0,20.0,0.0,21.0,25.0,25.02,53.31,1
2.0,0.0,14.0,13.0,13.0,13.04,48.92,6
1.0,0.0,18.0,0.0,37.0,19.0,48.27,6
0.0,0.0,0.0,0.0,7.0,7.0,26.25,1
0.0,0.0,0.0,2.0,39.0,39.05,49.82,5
0.0,0.0,0.0,1.0,28.0,28.02,31.3,5
0.0,0.0,0.0,0.0,10.0,10.0,37.22,1
1.0,11.0,0.0,13.0,12.0,12.17,43.01,1
4.0,0.0,0.0,14.0,-1.0,14.04,47.01,6
2.0,10.0,18.0,15.0,12.0,7.81,28.3,5
2.0,0.0,14.0,2.0,21.0,7.28,31.3,4
2.0,0.0,18.0,6.0,20.0,6.32,42.52,6
4.0,24.0,10.0,25.0,24.0,14.04,39.05,1
3.0,12.0,16.0,12.0,8.0,8.0,26.83,5
0.0,0.0,0.0,0.0,16.0,16.0,39.2,1
0.0,0.0,0.0,0.0,14.0,14.0,33.24,1
2.0,10.0,30.0,18.0,24.0,10.0,41.15,5
1.0,0.0,17.0,1.0,33.0,16.03,38.28,6
1.0,25.0,0.0,25.0,18.0,18.0,47.17,1
2.0,19.0,14.0,19.0,7.0,7.0,28.32,5
3.0,0.0,24.0,9.0,30.0,10.82,40.25,4
3.0,31.0,18.0,16.0,9.0,17.49,46.75,5
0.0,0.0,0.0,0.0,17.0,17.0,29.53,1
0.0,12.0,0.0,2.0,6.0,11.66,26.83,4
0.0,0.0,0.0,2.0,35.0,35.06,39.36,5
3.0,0.0,16.0,15.0,16.0,15.0,21.93,6
0.0,0.0,0.0,0.0,26.0,26.0,34.71,5
0.0,12.0,0.0,2.0,6.0,11.66,26.83,4
1.0,23.0,0.0,25.0,10.0,10.2,53.34,1
5.0,9.0,5.0,0.0,0.0,10.3,30.41,5
5.0,1.0,24.0,24.0,24.0,23.0,39.2,1
3.0,0.0,33.0,7.0,35.0,7.28,41.34,7
3.0,0.0,24.0,19.0,25.0,19.03,31.4,7
0.0,0.0,0.0,0.0,24.0,24.0,32.56,5
3.0,0.0,14.0,7.0,35.0,22.14,41.34,1
4.0,12.0,8.0,6.0,4.0,7.21,26.83,5
3.0,0.0,24.0,7.0,30.0,9.22,40.25,4
6.0,24.0,24.0,24.0,31.0,7.0,39.2,1
3.0,0.0,18.0,4.0,41.0,23.35,43.01,1
2.0,10.0,16.0,16.0,13.0,6.71,26.4,5
0.0,0.0,0.0,0.0,10.0,10.0,30.46,7
0.0,0.0,0.0,0.0,13.0,13.0,35.9,1
0.0,0.0,0.0,0.0,13.0,13.0,30.08,1
3.0,0.0,8.0,1.0,17.0,9.06,40.82,1
2.0,0.0,13.0,6.0,13.0,6.0,41.77,6
5.0,2.0,37.0,2.0,38.0,1.0,38.83,1
1.0,0.0,21.0,1.0,41.0,20.02,56.59,7
4.0,2.0,30.0,18.0,36.0,17.09,40.25,4
3.0,1.0,26.0,7.0,26.0,6.0,34.71,7
2.0,0.0,22.0,13.0,22.0,13.0,59.41,6
1.0,1.0,32.0,14.0,22.0,16.4,34.93,5
5.0,1.0,34.0,14.0,38.0,13.6,40.5,1
4.0,27.0,13.0,27.0,24.0,11.0,36.12,1
3.0,0.0,24.0,9.0,24.0,9.0,30.61,7
0.0,0.0,0.0,0.0,17.0,17.0,39.2,6
1.0,0.0,14.0,1.0,27.0,13.04,35.47,6
2.0,0.0,10.0,0.0,19.0,9.0,31.3,4
1.0,12.0,0.0,14.0,21.0,21.1,29.53,1
2.0,0.0,19.0,19.0,18.0,19.03,38.95,1
3.0,1.0,28.0,12.0,28.0,11.0,30.46,7
2.0,0.0,22.0,14.0,32.0,17.2,34.93,4
3.0,13.0,16.0,13.0,8.0,8.0,27.29,5
1.0,15.0,0.0,15.0,16.0,16.0,38.08,1
4.0,0.0,0.0,28.0,0.0,28.0,46.4,6
6.0,10.0,42.0,12.0,24.0,18.11,43.68,1
0.0,0.0,0.0,0.0,25.0,25.0,49.24,1
2.0,9.0,15.0,10.0,10.0,5.1,23.26,5
0.0,0.0,0.0,1.0,25.0,25.02,31.4,5
0.0,0.0,0.0,0.0,20.0,20.0,50.21,7
2.0,0.0,15.0,21.0,16.0,21.02,32.65,6
0.0,0.0,0.0,0.0,22.0,22.0,56.46,1
5.0,7.0,5.0,0.0,0.0,8.6,31.3,5
1.0,0.0,12.0,0.0,24.0,12.0,39.4,4
2.0,0.0,7.0,6.0,5.0,6.32,16.16,7
4.0,0.0,0.0,7.0,-2.0,7.28,26.63,6
3.0,0.0,22.0,19.0,20.0,19.1,29.07,7
4.0,24.0,12.0,24.0,26.0,14.0,35.38,1
3.0,1.0,31.0,11.0,32.0,10.05,42.01,6
6.0,14.0,43.0,16.0,33.0,10.2,46.62,1
2.0,0.0,12.0,11.0,10.0,11.18,48.92,6
1.0,12.0,0.0,13.0,7.0,7.07,30.87,1
3.0,0.0,22.0,1.0,37.0,15.03,41.59,1
1.0,0.0,20.0,0.0,40.0,20.0,52.2,7
3.0,0.0,17.0,0.0,34.0,17.0,42.8,1
2.0,0.0,24.0,31.0,23.0,31.02,45.28,7
0.0,0.0,0.0,0.0,18.0,18.0,29.55,1
2.0,0.0,7.0,24.0,10.0,24.19,39.05,1
1.0,0.0,18.0,0.0,37.0,19.0,50.99,7
3.0,11.0,8.0,0.0,0.0,13.6,27.31,5
2.0,0.0,8.0,8.0,11.0,8.54,35.9,1
2.0,0.0,12.0,20.0,11.0,20.02,34.41,7
2.0,0.0,16.0,8.0,18.0,8.25,38.83,6
3.0,18.0,7.0,0.0,0.0,19.31,28.43,5
1.0,0.0,29.0,12.0,18.0,16.28,31.38,5
4.0,24.0,20.0,1.0,38.0,29.21,44.94,1
3.0,0.0,14.0,2.0,31.0,17.12,33.24,1
4.0,0.0,0.0,24.0,2.0,24.08,44.65,6
2.0,25.0,30.0,35.0,24.0,11.66,50.21,5
1.0,0.0,14.0,0.0,24.0,10.0,30.61,7
1.0,0.0,20.0,0.0,33.0,13.0,41.62,6
1.0,0.0,23.0,2.0,45.0,22.09,58.9,7
0.0,0.0,0.0,0.0,13.0,13.0,37.16,1
2.0,16.0,27.0,18.0,18.0,9.22,39.36,5
1.0,0.0,12.0,0.0,26.0,14.0,34.41,7
3.0,2.0,24.0,9.0,26.0,7.28,28.23,6
1.0,0.0,12.0,0.0,30.0,18.0,39.7,6
0.0,0.0,0.0,0.0,13.0,13.0,46.69,6
3.0,0.0,13.0,1.0,33.0,20.02,33.96,1
3.0,2.0,30.0,28.0,30.0,26.0,42.52,6
0.0,0.0,0.0,0.0,15.0,15.0,32.02,7
3.0,1.0,17.0,7.0,15.0,6.32,18.79,7
2.0,6.0,20.0,16.0,16.0,10.77,28.84,5
0.0,0.0,0.0,2.0,24.0,24.08,27.78,5
3.0,0.0,19.0,2.0,43.0,24.08,53.85,1
3.0,0.0,20.0,3.0,41.0,21.21,41.59,1
3.0,16.0,16.0,16.0,8.0,8.0,28.02,5
1.0,14.0,0.0,14.0,17.0,17.0,40.85,1
1.0,9.0,0.0,9.0,17.0,17.0,38.08,1
0.0,0.0,0.0,2.0,25.0,25.08,31.4,5
3.0,2.0,24.0,22.0,26.0,20.1,34.06,7
0.0,0.0,0.0,0.0,24.0,24.0,54.92,7
