{
  "system": "Linux",
  "version": "0.8.2",
  "lite": false,
  "py_version": "3.10",
  "py_version_micro": "3.10.12",
  "packages": {
    "tifffile": "2023.8.12",
    "regex": "2023.8.8",
    "distributed": "2023.8.0",
    "dask": "2023.8.0",
    "certifi": "2023.7.22",
    "jsonschema-specifications": "2023.7.1",
    "fsspec": "2023.6.0",
    "pytz": "2023.3",
    "setuptools": "59.6.0",
    "cryptography": "41.0.3",
    "pyzmq": "25.1.1",
    "attrs": "23.1.0",
    "packaging": "23.1",
    "argon2-cffi": "23.1.0",
    "pip": "22.0.2",
    "argon2-cffi-bindings": "21.2.0",
    "virtualenv": "20.24.3",
    "isoduration": "20.11.0",
    "rich": "13.4.2",
    "nvidia-ml-py": "12.535.77",
    "pyarrow": "12.0.1",
    "nvidia-cublas-cu11": "11.10.3.66",
    "nvidia-cuda-nvrtc-cu11": "11.7.99",
    "nvidia-cuda-runtime-cu11": "11.7.99",
    "pillow": "9.5.0",
    "ipython": "8.14.0",
    "nvidia-cudnn-cu11": "8.5.0.96",
    "jupyter-client": "8.3.0",
    "tenacity": "8.2.3",
    "thinc": "8.1.12",
    "click": "8.1.6",
    "ipywidgets": "8.1.0",
    "nbconvert": "7.7.4",
    "overrides": "7.4.0",
    "notebook": "7.0.2",
    "ipykernel": "6.25.1",
    "importlib-metadata": "6.8.0",
    "jupyter-console": "6.6.3",
    "tornado": "6.3.3",
    "smart-open": "6.3.0",
    "multidict": "6.0.4",
    "pyyaml": "6.0.1",
    "bleach": "6.0.0",
    "plotly": "5.16.0",
    "psutil": "5.9.5",
    "nbformat": "5.9.2",
    "traitlets": "5.9.0",
    "ujson": "5.8.0",
    "qtconsole": "5.4.3",
    "jupyter-core": "5.3.1",
    "cachetools": "5.3.1",
    "decorator": "5.1.1",
    "dash-table": "5.0.0",
    "tqdm": "4.65.2",
    "fonttools": "4.42.0",
    "transformers": "4.26.1",
    "jsonschema": "4.19.0",
    "beautifulsoup4": "4.12.2",
    "antlr4-python3-runtime": "4.9.3",
    "rsa": "4.9",
    "pexpect": "4.8.0",
    "typing-extensions": "4.7.1",
    "gdown": "4.7.1",
    "ordered-set": "4.1.0",
    "widgetsnbextension": "4.0.8",
    "jupyterlab": "4.0.5",
    "async-timeout": "4.0.3",
    "protobuf": "3.20.2",
    "pycryptodome": "3.18.0",
    "zipp": "3.16.2",
    "filelock": "3.12.2",
    "platformdirs": "3.10.0",
    "aiohttp": "3.8.5",
    "nltk": "3.8.1",
    "matplotlib": "3.7.2",
    "anyio": "3.7.1",
    "spacy": "3.6.1",
    "markdown": "3.4.4",
    "idna": "3.4",
    "lightgbm": "3.3.5",
    "xxhash": "3.3.0",
    "langcodes": "3.3.0",
    "oauthlib": "3.2.2",
    "threadpoolctl": "3.2.0",
    "charset-normalizer": "3.2.0",
    "emcee": "3.1.4",
    "jinja2": "3.1.2",
    "networkx": "3.1",
    "prompt-toolkit": "3.0.39",
    "spacy-legacy": "3.0.12",
    "pyparsing": "3.0.9",
    "preshed": "3.0.8",
    "jupyterlab-widgets": "3.0.8",
    "mistune": "3.0.1",
    "zict": "3.0.0",
    "cython": "3.0.0",
    "markdown-it-py": "3.0.0",
    "imageio": "2.31.1",
    "requests": "2.28.2",
    "jupyterlab-server": "2.24.0",
    "google-auth": "2.22.0",
    "pycparser": "2.21",
    "fastjsonschema": "2.18.0",
    "oss2": "2.17.0",
    "aliyun-python-sdk-kms": "2.16.1",
    "pygments": "2.16.1",
    "datasets": "2.14.4",
    "tensorboard": "2.14.0",
    "aliyun-python-sdk-core": "2.13.36",
    "dash": "2.12.1",
    "babel": "2.12.1",
    "google-api-core": "2.11.1",
    "python-dateutil": "2.8.2",
    "fastai": "2.7.12",
    "jupyter-server": "2.7.2",
    "tensorboardx": "2.6.2",
    "liac-arff": "2.5.0",
    "srsly": "2.4.7",
    "nptyping": "2.4.1",
    "soupsieve": "2.4.1",
    "sortedcontainers": "2.4.0",
    "jsonpointer": "2.4",
    "ray": "2.3.1",
    "qtpy": "2.3.1",
    "flask": "2.2.5",
    "werkzeug": "2.2.3",
    "omegaconf": "2.2.3",
    "asttokens": "2.2.1",
    "cloudpickle": "2.2.1",
    "jupyter-lsp": "2.2.0",
    "markupsafe": "2.1.3",
    "itsdangerous": "2.1.2",
    "catalogue": "2.0.9",
    "cymem": "2.0.7",
    "python-json-logger": "2.0.7",
    "async-lru": "2.0.4",
    "tomli": "2.0.1",
    "dash-html-components": "2.0.0",
    "dash-core-components": "2.0.0",
    "flaml": "2.0.0",
    "tblib": "2.0.0",
    "googleapis-common-protos": "1.60.0",
    "grpcio": "1.50.0",
    "botocore": "1.31.26",
    "boto3": "1.28.26",
    "urllib3": "1.26.16",
    "numpy": "1.24.4",
    "blessed": "1.20.0",
    "six": "1.16.0",
    "cffi": "1.15.1",
    "torch": "1.13.1",
    "webcolors": "1.13",
    "scipy": "1.11.1",
    "pydantic": "1.10.12",
    "pytorch-lightning": "1.9.5",
    "yarl": "1.9.2",
    "send2trash": "1.8.2",
    "distro": "1.8.0",
    "ansi2html": "1.8.0",
    "xgboost": "1.7.6",
    "pytorch-metric-learning": "1.7.3",
    "pysocks": "1.7.1",
    "crcmod": "1.7",
    "debugpy": "1.6.7.post1",
    "websocket-client": "1.6.1",
    "fastcore": "1.5.29",
    "nest-asyncio": "1.5.7",
    "pandas": "1.5.3",
    "fqdn": "1.5.1",
    "pandocfilters": "1.5.0",
    "kiwisolver": "1.4.4",
    "dash-bootstrap-components": "1.4.2",
    "pywavelets": "1.4.1",
    "frozenlist": "1.4.0",
    "absl-py": "1.4.0",
    "statsforecast": "1.4.0",
    "partd": "1.4.0",
    "retrying": "1.3.4",
    "joblib": "1.3.2",
    "aiosignal": "1.3.1",
    "requests-oauthlib": "1.3.1",
    "text-unidecode": "1.3",
    "uri-template": "1.3.0",
    "sniffio": "1.3.0",
    "arrow": "1.2.3",
    "seqeval": "1.2.2",
    "scikit-learn": "1.2.2",
    "tinycss2": "1.2.1",
    "catboost": "1.2",
    "executing": "1.2.0",
    "smac": "1.2",
    "nlpaug": "1.1.11",
    "exceptiongroup": "1.1.3",
    "wasabi": "1.1.2",
    "contourpy": "1.1.0",
    "gpustat": "1.1",
    "murmurhash": "1.0.9",
    "msgpack": "1.0.5",
    "spacy-loggers": "1.0.4",
    "fastprogress": "1.0.3",
    "google-auth-oauthlib": "1.0.0",
    "jupyter": "1.0.0",
    "locket": "1.0.0",
    "multiprocess": "0.70.15",
    "numba": "0.57.1",
    "llvmlite": "0.40.1",
    "referencing": "0.30.2",
    "graphviz": "0.20.1",
    "scikit-image": "0.19.3",
    "pyrsistent": "0.19.3",
    "jedi": "0.19.0",
    "future": "0.18.3",
    "responses": "0.18.0",
    "prometheus-client": "0.17.1",
    "terminado": "0.17.1",
    "huggingface-hub": "0.16.4",
    "accelerate": "0.16.0",
    "auto-sklearn": "0.15.0",
    "torchvision": "0.14.1",
    "statsmodels": "0.14.0",
    "tokenizers": "0.13.3",
    "gluonts": "0.13.3",
    "toolz": "0.12.0",
    "torchmetrics": "0.11.4",
    "opencensus": "0.11.2",
    "cycler": "0.11.0",
    "py4j": "0.10.9.7",
    "pathy": "0.10.2",
    "jmespath": "0.10.0",
    "json5": "0.9.14",
    "timm": "0.9.5",
    "rpds-py": "0.9.2",
    "tabulate": "0.9.0",
    "lightning-utilities": "0.9.0",
    "typer": "0.9.0",
    "pyrfr": "0.8.3",
    "parso": "0.8.3",
    "autogluon.common": "0.8.2",
    "autogluon.multimodal": "0.8.2",
    "autogluon.tabular": "0.8.2",
    "autogluon": "0.8.2",
    "autogluon.core": "0.8.2",
    "autogluon.features": "0.8.2",
    "autogluon.timeseries": "0.8.2",
    "nbclient": "0.8.0",
    "blis": "0.7.10",
    "pickleshare": "0.7.5",
    "mlforecast": "0.7.3",
    "defusedxml": "0.7.1",
    "tensorboard-data-server": "0.7.1",
    "jupyter-events": "0.7.0",
    "ptyprocess": "0.7.0",
    "aiohttp-cors": "0.7.0",
    "pynisher": "0.6.4",
    "stack-data": "0.6.2",
    "s3transfer": "0.6.1",
    "colorful": "0.5.5",
    "patsy": "0.5.3",
    "webencodings": "0.5.1",
    "pyasn1": "0.5.0",
    "dash-daq": "0.5.0",
    "configspace": "0.4.21",
    "colorama": "0.4.6",
    "jupyter-server-terminals": "0.4.4",
    "py-spy": "0.3.14",
    "pytesseract": "0.3.10",
    "openmim": "0.3.9",
    "dill": "0.3.7",
    "distlib": "0.3.7",
    "safetensors": "0.3.2",
    "pyasn1-modules": "0.3.0",
    "evaluate": "0.3.0",
    "hyperopt": "0.2.7",
    "wcwidth": "0.2.6",
    "notebook-shim": "0.2.3",
    "pure-eval": "0.2.2",
    "jupyterlab-pygments": "0.2.2",
    "kaleido": "0.2.1",
    "ipython-genutils": "0.2.0",
    "backcall": "0.2.0",
    "sentencepiece": "0.1.99",
    "model-index": "0.1.11",
    "matplotlib-inline": "0.1.6",
    "comm": "0.1.4",
    "rfc3339-validator": "0.1.4",
    "opencensus-context": "0.1.3",
    "mdurl": "0.1.2",
    "confection": "0.1.1",
    "rfc3986-validator": "0.1.1",
    "openxlab": "0.0.17",
    "window-ops": "0.0.14",
    "opendatalab": "0.0.10",
    "fastdownload": "0.0.7"
  }
}